-- MySQL dump 10.13  Distrib 5.6.33, for debian-linux-gnu (x86_64)
--
-- Host: localhost    Database: spoly-api
-- ------------------------------------------------------
-- Server version	5.6.33-0ubuntu0.14.04.1

/*!40101 SET @OLD_CHARACTER_SET_CLIENT=@@CHARACTER_SET_CLIENT */;
/*!40101 SET @OLD_CHARACTER_SET_RESULTS=@@CHARACTER_SET_RESULTS */;
/*!40101 SET @OLD_COLLATION_CONNECTION=@@COLLATION_CONNECTION */;
/*!40101 SET NAMES utf8 */;
/*!40103 SET @OLD_TIME_ZONE=@@TIME_ZONE */;
/*!40103 SET TIME_ZONE='+00:00' */;
/*!40014 SET @OLD_UNIQUE_CHECKS=@@UNIQUE_CHECKS, UNIQUE_CHECKS=0 */;
/*!40014 SET @OLD_FOREIGN_KEY_CHECKS=@@FOREIGN_KEY_CHECKS, FOREIGN_KEY_CHECKS=0 */;
/*!40101 SET @OLD_SQL_MODE=@@SQL_MODE, SQL_MODE='NO_AUTO_VALUE_ON_ZERO' */;
/*!40111 SET @OLD_SQL_NOTES=@@SQL_NOTES, SQL_NOTES=0 */;

--
-- Table structure for table `activity`
--

DROP TABLE IF EXISTS `activity`;
/*!40101 SET @saved_cs_client     = @@character_set_client */;
/*!40101 SET character_set_client = utf8 */;
CREATE TABLE `activity` (
  `id` int(10) unsigned NOT NULL AUTO_INCREMENT,
  `title` varchar(255) COLLATE utf8_unicode_ci NOT NULL,
  `owner_id` int(10) unsigned NOT NULL,
  `sport_id` int(10) unsigned DEFAULT NULL,
  `start_time` datetime NOT NULL,
  `end_time` datetime NOT NULL,
  `description` varchar(255) COLLATE utf8_unicode_ci NOT NULL,
  `recurring` varchar(255) COLLATE utf8_unicode_ci NOT NULL,
  `privacy` varchar(255) COLLATE utf8_unicode_ci NOT NULL,
  `max_participants` tinyint(4) NOT NULL,
  `long` double NOT NULL,
  `street` varchar(255) COLLATE utf8_unicode_ci DEFAULT NULL,
  `street_number` varchar(255) COLLATE utf8_unicode_ci DEFAULT NULL,
  `lat` double NOT NULL,
  `country` varchar(255) COLLATE utf8_unicode_ci DEFAULT NULL,
  `country_code` varchar(255) COLLATE utf8_unicode_ci DEFAULT NULL,
  `city` varchar(255) COLLATE utf8_unicode_ci DEFAULT NULL,
  `address` varchar(255) COLLATE utf8_unicode_ci DEFAULT NULL,
  `hotspot_id` int(10) unsigned NOT NULL,
  `created_at` timestamp NOT NULL DEFAULT '0000-00-00 00:00:00',
  `updated_at` timestamp NOT NULL DEFAULT '0000-00-00 00:00:00',
  `deleted_at` timestamp NULL DEFAULT NULL,
  PRIMARY KEY (`id`),
  KEY `activity_owner_id_foreign` (`owner_id`),
  KEY `activity_sport_id_foreign` (`sport_id`),
  CONSTRAINT `activity_owner_id_foreign` FOREIGN KEY (`owner_id`) REFERENCES `user` (`id`) ON DELETE CASCADE ON UPDATE CASCADE,
  CONSTRAINT `activity_sport_id_foreign` FOREIGN KEY (`sport_id`) REFERENCES `sport` (`id`) ON DELETE SET NULL ON UPDATE CASCADE
) ENGINE=InnoDB AUTO_INCREMENT=367 DEFAULT CHARSET=utf8 COLLATE=utf8_unicode_ci;
/*!40101 SET character_set_client = @saved_cs_client */;

--
-- Dumping data for table `activity`
--

LOCK TABLES `activity` WRITE;
/*!40000 ALTER TABLE `activity` DISABLE KEYS */;
INSERT INTO `activity` VALUES (352,'Let’s Play 5 vs 5',153,198,'2018-04-17 17:00:00','2018-04-17 19:00:00','Let’s Play 5 vs 5','no','open',25,4.8906548,'Castorplein',NULL,52.411508,'Netherlands','NL','Amsterdam','Castorplein',0,'2018-04-17 13:59:08','2018-04-17 13:59:08',NULL),(353,'Spoly 5 vs 5',153,198,'2018-05-20 14:00:00','2018-05-20 16:00:00','Spoly 5 vs 5','no','open',25,4.8973737,'Tegenhouderstraat','85',52.4065621,'Netherlands','NL','Amsterdam','Tegenhouderstraat 85',0,'2018-05-03 08:43:40','2018-05-11 11:48:37',NULL),(354,'Let\'s go and run !',169,202,'2018-05-08 19:30:00','2018-05-08 19:30:00','Let\'s go and run !','no','open',2,-109.9167371,NULL,NULL,22.8905327,'Mexico','MX','Cabo San Lucas','Cabo San Lucas',0,'2018-05-09 00:23:29','2018-05-09 00:23:29',NULL),(355,'Winner stays 3 vs 3',153,198,'2018-06-17 14:00:00','2018-06-17 16:00:00','Winner stays 3 vs 3','no','open',45,4.8906548,'Castorplein',NULL,52.411508,'Netherlands','NL','Amsterdam','Castorplein',0,'2018-06-07 07:56:43','2018-06-07 10:25:15',NULL),(356,'Día del Padre',198,137,'2018-06-17 14:00:00','2018-06-17 15:00:00','Día del Padre','no','open',50,-109.7338688,'Carretera Transpeninsular','Km. 24.5',23.0016082,'Mexico','MX','San José del Cabo','Carretera Transpeninsular Km. 24.5',0,'2018-06-08 18:46:18','2018-06-08 18:46:18',NULL),(357,'Día del Padre',198,198,'2018-06-17 17:00:00','2018-06-18 00:00:00','Día del Padre','no','open',50,-109.7338688,'Carretera Transpeninsular','Km. 24.5',23.0016082,'Mexico','MX','San José del Cabo','Carretera Transpeninsular Km. 24.5',0,'2018-06-08 18:53:23','2018-06-08 18:53:23',NULL),(358,'Rodada MTB CaboSport',198,200,'2018-06-15 00:30:00','2018-06-15 02:00:00','Rodada MTB CaboSport','no','open',50,-109.7338688,'Carretera Transpeninsular','Km. 24.5',23.0016082,'Mexico','MX','San José del Cabo','Carretera Transpeninsular Km. 24.5',0,'2018-06-08 19:33:15','2018-06-08 19:33:15',NULL),(359,'Oeoe',162,134,'2018-06-20 12:00:00','2018-06-20 12:15:00','Oeoe','no','open',19,100.5739629,NULL,NULL,13.7733779,'Thailand','TH','Krung Thep Maha Nakhon','Forum Tower',0,'2018-06-14 03:38:40','2018-06-14 03:38:40',NULL),(360,'Ksksk',162,134,'2018-06-14 12:00:00','2018-06-14 12:15:00','Ksksk','no','open',39,100.5739629,NULL,NULL,13.7733779,'Thailand','TH','Krung Thep Maha Nakhon','Forum Tower',0,'2018-06-14 03:41:02','2018-06-14 03:41:02',NULL),(361,'Vkbkvvcic',162,134,'2018-06-22 14:00:00','2018-06-22 14:15:00','Vkbkvvcic','no','open',29,100.5739629,NULL,NULL,13.7733779,'Thailand','TH','Krung Thep Maha Nakhon','Forum Tower',0,'2018-06-14 05:35:54','2018-06-14 05:35:54',NULL),(362,'Kbkvivv',162,134,'2018-06-24 18:00:00','2018-06-24 18:15:00','Kbkvivv','no','open',21,4.9091827,'Wibautstraat','12',52.3580949,'Netherlands','NL','Amsterdam','Wibautstraat 12',28,'2018-06-14 05:39:46','2018-06-14 05:39:46',NULL),(363,'ฟกด',200,134,'2018-06-14 18:00:00','2018-07-15 18:15:00','ฟกด','no','open',8,100.5739629,NULL,NULL,13.7733779,'Thailand','TH','Krung Thep Maha Nakhon','Forum Tower',0,'2018-06-14 09:34:51','2018-06-14 09:35:41','2018-06-14 09:35:41'),(364,'Hf',199,134,'2018-06-14 18:30:00','2018-08-15 18:30:00','Hf','no','open',19,100.5739629,NULL,NULL,13.7733779,'Thailand','TH','Krung Thep Maha Nakhon','Forum Tower',0,'2018-06-14 09:38:53','2018-06-14 09:39:22','2018-06-14 09:39:22'),(365,'Ff',199,134,'2018-06-14 18:00:00','2018-06-14 18:45:00','Ff','no','open',50,100.5739629,NULL,NULL,13.7733779,'Thailand','TH','Krung Thep Maha Nakhon','Forum Tower',0,'2018-06-14 09:40:28','2018-06-14 09:40:28',NULL),(366,'Hoh',199,134,'2018-06-15 14:00:00','2018-06-15 14:15:00','Hoh','no','open',20,100.5739629,NULL,NULL,13.7733779,'Thailand','TH','Krung Thep Maha Nakhon','Forum Tower',0,'2018-06-15 05:34:39','2018-06-15 05:34:39',NULL);
/*!40000 ALTER TABLE `activity` ENABLE KEYS */;
UNLOCK TABLES;

--
-- Table structure for table `brand`
--

DROP TABLE IF EXISTS `brand`;
/*!40101 SET @saved_cs_client     = @@character_set_client */;
/*!40101 SET character_set_client = utf8 */;
CREATE TABLE `brand` (
  `id` int(10) unsigned NOT NULL AUTO_INCREMENT,
  `name` varchar(255) COLLATE utf8_unicode_ci NOT NULL,
  `created_at` timestamp NOT NULL DEFAULT '0000-00-00 00:00:00',
  `updated_at` timestamp NOT NULL DEFAULT '0000-00-00 00:00:00',
  PRIMARY KEY (`id`)
) ENGINE=InnoDB AUTO_INCREMENT=226 DEFAULT CHARSET=utf8 COLLATE=utf8_unicode_ci;
/*!40101 SET character_set_client = @saved_cs_client */;

--
-- Dumping data for table `brand`
--

LOCK TABLES `brand` WRITE;
/*!40000 ALTER TABLE `brand` DISABLE KEYS */;
INSERT INTO `brand` VALUES (1,'Adidas','2017-12-28 09:30:15','2017-12-28 09:30:15'),(8,'Asics','2017-12-28 09:30:15','2017-12-28 09:30:15'),(22,'Billabong','2017-12-28 09:30:15','2017-12-28 09:30:15'),(23,'Bjorn Borg','2017-12-28 09:30:15','2017-12-28 09:30:15'),(27,'Body Glove','2017-12-28 09:30:15','2017-12-28 09:30:15'),(29,'Brooks','2017-12-28 09:30:15','2017-12-28 09:30:15'),(30,'Burton','2017-12-28 09:30:15','2017-12-28 09:30:15'),(42,'Columbia','2017-12-28 09:30:15','2017-12-28 09:30:15'),(43,'Converse','2017-12-28 09:30:15','2017-12-28 09:30:15'),(51,'DGK','2017-12-28 09:30:15','2017-12-28 09:30:15'),(60,'Element','2017-12-28 09:30:15','2017-12-28 09:30:15'),(61,'Ellesse','2017-12-28 09:30:15','2017-12-28 09:30:15'),(63,'Everlast','2017-12-28 09:30:15','2017-12-28 09:30:15'),(64,'Fabletics','2017-12-28 09:30:15','2017-12-28 09:30:15'),(71,'Fred Perry','2017-12-28 09:30:15','2017-12-28 09:30:15'),(76,'Giant','2017-12-28 09:30:15','2017-12-28 09:30:15'),(79,'GoPro','2017-12-28 09:30:15','2017-12-28 09:30:15'),(91,'HUF','2017-12-28 09:30:15','2017-12-28 09:30:15'),(94,'Hurley','2017-12-28 09:30:15','2017-12-28 09:30:15'),(98,'Joma','2017-12-28 09:30:15','2017-12-28 09:30:15'),(99,'Jordan','2017-12-28 09:30:15','2017-12-28 09:30:15'),(113,'Lorna Jane','2017-12-28 09:30:15','2017-12-28 09:30:15'),(117,'Lululemon','2017-12-28 09:30:15','2017-12-28 09:30:15'),(129,'Mitchell & Ness','2017-12-28 09:30:15','2017-12-28 09:30:15'),(130,'Mizuno','2017-12-28 09:30:15','2017-12-28 09:30:15'),(133,'Munich','2017-12-28 09:30:15','2017-12-28 09:30:15'),(135,'New Balance','2017-12-28 09:30:15','2017-12-28 09:30:15'),(136,'New Era','2017-12-28 09:30:15','2017-12-28 09:30:15'),(138,'Nike','2017-12-28 09:30:15','2017-12-28 09:30:15'),(139,'Nike SB','2017-12-28 09:30:15','2017-12-28 09:30:15'),(140,'Oakley','2017-12-28 09:30:15','2017-12-28 09:30:15'),(141,'Obey','2017-12-28 09:30:15','2017-12-28 09:30:15'),(146,'O\'Neill','2017-12-28 09:30:15','2017-12-28 09:30:15'),(151,'Patagonia','2017-12-28 09:30:15','2017-12-28 09:30:15'),(160,'Puma','2017-12-28 09:30:15','2017-12-28 09:30:15'),(161,'Quechua','2017-12-28 09:30:15','2017-12-28 09:30:15'),(162,'Quicksilver','2017-12-28 09:30:15','2017-12-28 09:30:15'),(163,'RVCA','2017-12-28 09:30:15','2017-12-28 09:30:15'),(168,'Reebok','2017-12-28 09:30:15','2017-12-28 09:30:15'),(173,'Rip Curl','2017-12-28 09:30:15','2017-12-28 09:30:15'),(176,'Roxy','2017-12-28 09:30:15','2017-12-28 09:30:15'),(177,'Salomon','2017-12-28 09:30:15','2017-12-28 09:30:15'),(195,'Speedo','2017-12-28 09:30:15','2017-12-28 09:30:15'),(196,'Specialized','2017-12-28 09:30:15','2017-12-28 09:30:15'),(198,'Starter','2017-12-28 09:30:15','2017-12-28 09:30:15'),(199,'Stella McCartney','2017-12-28 09:30:15','2017-12-28 09:30:15'),(201,'Stussy','2017-12-28 09:30:15','2017-12-28 09:30:15'),(209,'The North Face','2017-12-28 09:30:15','2017-12-28 09:30:15'),(210,'Thrasher','2017-12-28 09:30:15','2017-12-28 09:30:15'),(215,'Trek','2017-12-28 09:30:15','2017-12-28 09:30:15'),(219,'Under Armour','2017-12-28 09:30:15','2017-12-28 09:30:15'),(220,'Vans','2017-12-28 09:30:15','2017-12-28 09:30:15'),(221,'Victoria Sport','2017-12-28 09:30:15','2017-12-28 09:30:15'),(222,'Venum','2017-12-28 09:30:15','2017-12-28 09:30:15'),(224,'Volcom','2017-12-28 09:30:15','2017-12-28 09:30:15'),(225,'DC Shoes','0000-00-00 00:00:00','0000-00-00 00:00:00');
/*!40000 ALTER TABLE `brand` ENABLE KEYS */;
UNLOCK TABLES;

--
-- Table structure for table `hotspot`
--

DROP TABLE IF EXISTS `hotspot`;
/*!40101 SET @saved_cs_client     = @@character_set_client */;
/*!40101 SET character_set_client = utf8 */;
CREATE TABLE `hotspot` (
  `id` int(10) unsigned NOT NULL AUTO_INCREMENT,
  `name` varchar(255) COLLATE utf8_unicode_ci NOT NULL,
  `category_id` int(11) NOT NULL,
  `lat` double NOT NULL,
  `long` double NOT NULL,
  `street` varchar(255) COLLATE utf8_unicode_ci DEFAULT NULL,
  `street_number` varchar(255) COLLATE utf8_unicode_ci DEFAULT NULL,
  `address` varchar(255) COLLATE utf8_unicode_ci DEFAULT NULL,
  `city` varchar(255) COLLATE utf8_unicode_ci NOT NULL,
  `country` varchar(255) COLLATE utf8_unicode_ci NOT NULL,
  `country_code` varchar(255) COLLATE utf8_unicode_ci NOT NULL,
  `user_id` int(11) NOT NULL,
  `created_at` timestamp NOT NULL DEFAULT '0000-00-00 00:00:00',
  `updated_at` timestamp NOT NULL DEFAULT '0000-00-00 00:00:00',
  PRIMARY KEY (`id`)
) ENGINE=InnoDB AUTO_INCREMENT=29 DEFAULT CHARSET=utf8 COLLATE=utf8_unicode_ci;
/*!40101 SET character_set_client = @saved_cs_client */;

--
-- Dumping data for table `hotspot`
--

LOCK TABLES `hotspot` WRITE;
/*!40000 ALTER TABLE `hotspot` DISABLE KEYS */;
INSERT INTO `hotspot` VALUES (28,'Kooi',4,52.3580949,4.9091827,'Wibautstraat','12','Wibautstraat 12','Amsterdam','Netherlands','NL',154,'2018-04-14 17:28:34','2018-04-14 17:28:34');
/*!40000 ALTER TABLE `hotspot` ENABLE KEYS */;
UNLOCK TABLES;

--
-- Table structure for table `hotspot_category`
--

DROP TABLE IF EXISTS `hotspot_category`;
/*!40101 SET @saved_cs_client     = @@character_set_client */;
/*!40101 SET character_set_client = utf8 */;
CREATE TABLE `hotspot_category` (
  `id` int(10) unsigned NOT NULL AUTO_INCREMENT,
  `name` varchar(255) COLLATE utf8_unicode_ci NOT NULL,
  `created_at` timestamp NOT NULL DEFAULT '0000-00-00 00:00:00',
  `updated_at` timestamp NOT NULL DEFAULT '0000-00-00 00:00:00',
  PRIMARY KEY (`id`)
) ENGINE=InnoDB AUTO_INCREMENT=6 DEFAULT CHARSET=utf8 COLLATE=utf8_unicode_ci;
/*!40101 SET character_set_client = @saved_cs_client */;

--
-- Dumping data for table `hotspot_category`
--

LOCK TABLES `hotspot_category` WRITE;
/*!40000 ALTER TABLE `hotspot_category` DISABLE KEYS */;
INSERT INTO `hotspot_category` VALUES (1,'Fitness park','2017-12-28 09:30:15','2017-12-28 09:30:15'),(2,'Skatepark','2017-12-28 09:30:15','2017-12-28 09:30:15'),(3,'Street basketball court','2017-12-28 09:30:15','2017-12-28 09:30:15'),(4,'Street soccer court','2017-12-28 09:30:15','2017-12-28 09:30:15'),(5,'Other','2017-12-28 09:30:15','2017-12-28 09:30:15');
/*!40000 ALTER TABLE `hotspot_category` ENABLE KEYS */;
UNLOCK TABLES;

--
-- Table structure for table `language`
--

DROP TABLE IF EXISTS `language`;
/*!40101 SET @saved_cs_client     = @@character_set_client */;
/*!40101 SET character_set_client = utf8 */;
CREATE TABLE `language` (
  `id` int(10) unsigned NOT NULL AUTO_INCREMENT,
  `name` varchar(255) COLLATE utf8_unicode_ci NOT NULL,
  `created_at` timestamp NOT NULL DEFAULT '0000-00-00 00:00:00',
  `updated_at` timestamp NOT NULL DEFAULT '0000-00-00 00:00:00',
  PRIMARY KEY (`id`)
) ENGINE=InnoDB AUTO_INCREMENT=138 DEFAULT CHARSET=utf8 COLLATE=utf8_unicode_ci;
/*!40101 SET character_set_client = @saved_cs_client */;

--
-- Dumping data for table `language`
--

LOCK TABLES `language` WRITE;
/*!40000 ALTER TABLE `language` DISABLE KEYS */;
INSERT INTO `language` VALUES (1,'Albanian','2017-08-04 09:57:04','2017-08-04 09:57:04'),(2,'Arabic','2017-08-04 09:57:04','2017-08-04 09:57:04'),(3,'Armenian','2017-08-04 09:57:04','2017-08-04 09:57:04'),(4,'Awadhi','2017-08-04 09:57:04','2017-08-04 09:57:04'),(5,'Azeri','2017-08-04 09:57:04','2017-08-04 09:57:04'),(6,'Indonesian','2017-08-04 09:57:04','2017-08-04 09:57:04'),(7,'Basque','2017-08-04 09:57:04','2017-08-04 09:57:04'),(8,'Belarusian','2017-08-04 09:57:04','2017-08-04 09:57:04'),(9,'Bengali','2017-08-04 09:57:04','2017-08-04 09:57:04'),(10,'Bhojpuri','2017-08-04 09:57:04','2017-08-04 09:57:04'),(11,'Bhutanese','2017-08-04 09:57:04','2017-08-04 09:57:04'),(12,'Bislama','2017-08-04 09:57:04','2017-08-04 09:57:04'),(13,'Bosnian','2017-08-04 09:57:04','2017-08-04 09:57:04'),(14,'Bulgarian','2017-08-04 09:57:04','2017-08-04 09:57:04'),(15,'Burmese','2017-08-04 09:57:04','2017-08-04 09:57:04'),(16,'Burmese','2017-08-04 09:57:04','2017-08-04 09:57:04'),(17,'Castilian','2017-08-04 09:57:04','2017-08-04 09:57:04'),(18,'Catalan','2017-08-04 09:57:04','2017-08-04 09:57:04'),(19,'Mandarin','2017-08-04 09:57:04','2017-08-04 09:57:04'),(20,'Croatian','2017-08-04 09:57:04','2017-08-04 09:57:04'),(21,'Czech','2017-08-04 09:57:04','2017-08-04 09:57:04'),(22,'Danish','2017-08-04 09:57:04','2017-08-04 09:57:04'),(23,'Dutch','2017-08-04 09:57:04','2017-08-04 09:57:04'),(24,'English','2017-08-04 09:57:04','2017-08-04 09:57:04'),(25,'Estonian','2017-08-04 09:57:04','2017-08-04 09:57:04'),(26,'Faroese','2017-08-04 09:57:04','2017-08-04 09:57:04'),(27,'Filipino','2017-08-04 09:57:04','2017-08-04 09:57:04'),(28,'Finnish','2017-08-04 09:57:04','2017-08-04 09:57:04'),(29,'French','2017-08-04 09:57:04','2017-08-04 09:57:04'),(30,'Galician','2017-08-04 09:57:04','2017-08-04 09:57:04'),(31,'Georgian','2017-08-04 09:57:04','2017-08-04 09:57:04'),(32,'German','2017-08-04 09:57:04','2017-08-04 09:57:04'),(33,'Greek','2017-08-04 09:57:04','2017-08-04 09:57:04'),(34,'Greenlandic','2017-08-04 09:57:04','2017-08-04 09:57:04'),(35,'Gujarati','2017-08-04 09:57:04','2017-08-04 09:57:04'),(36,'Hausa','2017-08-04 09:57:04','2017-08-04 09:57:04'),(37,'Hebrew','2017-08-04 09:57:04','2017-08-04 09:57:04'),(38,'Hindi','2017-08-04 09:57:04','2017-08-04 09:57:04'),(39,'Hiri','2017-08-04 09:57:04','2017-08-04 09:57:04'),(40,'Hungarian','2017-08-04 09:57:04','2017-08-04 09:57:04'),(41,'Icelandic','2017-08-04 09:57:04','2017-08-04 09:57:04'),(42,'Irish','2017-08-04 09:57:04','2017-08-04 09:57:04'),(43,'Italian','2017-08-04 09:57:04','2017-08-04 09:57:04'),(44,'Japanase','2017-08-04 09:57:04','2017-08-04 09:57:04'),(45,'Japanese','2017-08-04 09:57:04','2017-08-04 09:57:04'),(46,'Javanese','2017-08-04 09:57:04','2017-08-04 09:57:04'),(47,'Kannada','2017-08-04 09:57:04','2017-08-04 09:57:04'),(48,'Kazakh','2017-08-04 09:57:04','2017-08-04 09:57:04'),(49,'Mongolian','2017-08-04 09:57:04','2017-08-04 09:57:04'),(50,'Khmer','2017-08-04 09:57:04','2017-08-04 09:57:04'),(51,'Khoisan','2017-08-04 09:57:04','2017-08-04 09:57:04'),(52,'Korean','2017-08-04 09:57:04','2017-08-04 09:57:04'),(53,'Kurdish','2017-08-04 09:57:04','2017-08-04 09:57:04'),(54,'Kyrgyz','2017-08-04 09:57:04','2017-08-04 09:57:04'),(55,'Lao','2017-08-04 09:57:04','2017-08-04 09:57:04'),(56,'Latin','2017-08-04 09:57:04','2017-08-04 09:57:04'),(57,'Latvian','2017-08-04 09:57:04','2017-08-04 09:57:04'),(58,'Lithuanian','2017-08-04 09:57:04','2017-08-04 09:57:04'),(59,'Luxembourgish','2017-08-04 09:57:04','2017-08-04 09:57:04'),(60,'Macedonian','2017-08-04 09:57:04','2017-08-04 09:57:04'),(61,'Maithili','2017-08-04 09:57:04','2017-08-04 09:57:04'),(62,'Malay','2017-08-04 09:57:04','2017-08-04 09:57:04'),(63,'Malayalam','2017-08-04 09:57:04','2017-08-04 09:57:04'),(64,'Dhivehi','2017-08-04 09:57:04','2017-08-04 09:57:04'),(65,'Maltese','2017-08-04 09:57:04','2017-08-04 09:57:04'),(66,'Maori','2017-08-04 09:57:04','2017-08-04 09:57:04'),(67,'Marathi','2017-08-04 09:57:04','2017-08-04 09:57:04'),(68,'Marshallese','2017-08-04 09:57:04','2017-08-04 09:57:04'),(69,'Moldovan','2017-08-04 09:57:04','2017-08-04 09:57:04'),(70,'Nauruan','2017-08-04 09:57:04','2017-08-04 09:57:04'),(71,'Nepali','2017-08-04 09:57:04','2017-08-04 09:57:04'),(72,'Kanuri','2017-08-04 09:57:04','2017-08-04 09:57:04'),(73,'Norwegian','2017-08-04 09:57:04','2017-08-04 09:57:04'),(74,'Oriya','2017-08-04 09:57:04','2017-08-04 09:57:04'),(75,'Palauan','2017-08-04 09:57:04','2017-08-04 09:57:04'),(76,'Papiamento','2017-08-04 09:57:04','2017-08-04 09:57:04'),(77,'Pashto','2017-08-04 09:57:04','2017-08-04 09:57:04'),(78,'Persian','2017-08-04 09:57:04','2017-08-04 09:57:04'),(79,'Polish','2017-08-04 09:57:04','2017-08-04 09:57:04'),(80,'Portuguese','2017-08-04 09:57:04','2017-08-04 09:57:04'),(81,'Punjabi','2017-08-04 09:57:04','2017-08-04 09:57:04'),(82,'Romanian','2017-08-04 09:57:04','2017-08-04 09:57:04'),(83,'Romansch','2017-08-04 09:57:04','2017-08-04 09:57:04'),(84,'Russian','2017-08-04 09:57:04','2017-08-04 09:57:04'),(85,'Samoan','2017-08-04 09:57:04','2017-08-04 09:57:04'),(86,'Serbian','2017-08-04 09:57:04','2017-08-04 09:57:04'),(87,'Sindhi','2017-08-04 09:57:04','2017-08-04 09:57:04'),(88,'Slovak','2017-08-04 09:57:04','2017-08-04 09:57:04'),(89,'Slovene','2017-08-04 09:57:04','2017-08-04 09:57:04'),(90,'Slovenian','2017-08-04 09:57:04','2017-08-04 09:57:04'),(91,'Spanish','2017-08-04 09:57:04','2017-08-04 09:57:04'),(92,'Sunda','2017-08-04 09:57:04','2017-08-04 09:57:04'),(93,'Swedish','2017-08-04 09:57:04','2017-08-04 09:57:04'),(94,'Taiwanese','2017-08-04 09:57:04','2017-08-04 09:57:04'),(95,'Tajik','2017-08-04 09:57:04','2017-08-04 09:57:04'),(96,'Tamil','2017-08-04 09:57:04','2017-08-04 09:57:04'),(97,'Tamil','2017-08-04 09:57:04','2017-08-04 09:57:04'),(98,'Telugu','2017-08-04 09:57:04','2017-08-04 09:57:04'),(99,'Thai','2017-08-04 09:57:04','2017-08-04 09:57:04'),(100,'Tongan','2017-08-04 09:57:04','2017-08-04 09:57:04'),(101,'Turkish','2017-08-04 09:57:04','2017-08-04 09:57:04'),(102,'Turkmen','2017-08-04 09:57:04','2017-08-04 09:57:04'),(103,'Ukrainian','2017-08-04 09:57:04','2017-08-04 09:57:04'),(104,'Urdu','2017-08-04 09:57:04','2017-08-04 09:57:04'),(105,'Uzbek','2017-08-04 09:57:04','2017-08-04 09:57:04'),(106,'Vietnamese','2017-08-04 09:57:04','2017-08-04 09:57:04'),(107,'Yoruba','2017-08-04 09:57:04','2017-08-04 09:57:04'),(108,'Berber','2017-08-04 09:57:04','2017-08-04 09:57:04'),(109,'Chadic','2017-08-04 09:57:04','2017-08-04 09:57:04'),(110,'Cushitic','2017-08-04 09:57:04','2017-08-04 09:57:04'),(111,'Egyptian','2017-08-04 09:57:04','2017-08-04 09:57:04'),(112,'Omotic','2017-08-04 09:57:04','2017-08-04 09:57:04'),(113,'Semitic','2017-08-04 09:57:04','2017-08-04 09:57:04'),(114,'Tagalog','2017-08-04 09:57:04','2017-08-04 09:57:04'),(115,'Somali','2017-08-04 09:57:04','2017-08-04 09:57:04'),(116,'Amharic','2017-08-04 09:57:04','2017-08-04 09:57:04'),(117,'Oromo','2017-08-04 09:57:04','2017-08-04 09:57:04'),(118,'Swahili','2017-08-04 09:57:04','2017-08-04 09:57:04'),(119,'Manding','2017-08-04 09:57:04','2017-08-04 09:57:04'),(120,'Fulani','2017-08-04 09:57:04','2017-08-04 09:57:04'),(121,'Kanuri','2017-08-04 09:57:04','2017-08-04 09:57:04'),(122,'Luo','2017-08-04 09:57:04','2017-08-04 09:57:04'),(123,'Songhay','2017-08-04 09:57:04','2017-08-04 09:57:04'),(124,'Teso','2017-08-04 09:57:04','2017-08-04 09:57:04'),(125,'Nubian','2017-08-04 09:57:04','2017-08-04 09:57:04'),(126,'Lugbara','2017-08-04 09:57:04','2017-08-04 09:57:04'),(127,'Lango','2017-08-04 09:57:04','2017-08-04 09:57:04'),(128,'Dinka','2017-08-04 09:57:04','2017-08-04 09:57:04'),(129,'Acholi','2017-08-04 09:57:04','2017-08-04 09:57:04'),(130,'Nuer','2017-08-04 09:57:04','2017-08-04 09:57:04'),(131,'Maasai','2017-08-04 09:57:04','2017-08-04 09:57:04'),(132,'Ngambay','2017-08-04 09:57:04','2017-08-04 09:57:04'),(133,'Fur','2017-08-04 09:57:04','2017-08-04 09:57:04'),(134,'Tubu','2017-08-04 09:57:04','2017-08-04 09:57:04'),(135,'Igbo','2017-08-04 09:57:04','2017-08-04 09:57:04'),(136,'Fula','2017-08-04 09:57:04','2017-08-04 09:57:04'),(137,'Shona','2017-08-04 09:57:04','2017-08-04 09:57:04');
/*!40000 ALTER TABLE `language` ENABLE KEYS */;
UNLOCK TABLES;

--
-- Table structure for table `migrations`
--

DROP TABLE IF EXISTS `migrations`;
/*!40101 SET @saved_cs_client     = @@character_set_client */;
/*!40101 SET character_set_client = utf8 */;
CREATE TABLE `migrations` (
  `migration` varchar(255) COLLATE utf8_unicode_ci NOT NULL,
  `batch` int(11) NOT NULL
) ENGINE=InnoDB DEFAULT CHARSET=utf8 COLLATE=utf8_unicode_ci;
/*!40101 SET character_set_client = @saved_cs_client */;

--
-- Dumping data for table `migrations`
--

LOCK TABLES `migrations` WRITE;
/*!40000 ALTER TABLE `migrations` DISABLE KEYS */;
INSERT INTO `migrations` VALUES ('2015_07_27_091534_create_sport_table',1),('2015_07_27_101107_create_language_table',1),('2015_07_27_101345_create_brand_table',1),('2015_07_27_102000_create_user_table',1),('2015_07_27_102001_create_password_reset_table',1),('2015_07_27_102638_create_pivot_brand_user_table',1),('2015_07_27_103513_create_pivot_language_user_table',1),('2015_07_27_103926_create_pivot_sport_user_table',1),('2015_08_05_104443_create_sport_contact_table',1),('2015_08_05_104444_create_sport_contact_request_table',1),('2015_08_06_095127_create_activity_table',1),('2015_08_06_202833_create_pivot_activity_user_table',1),('2015_09_14_093055_alter_activity_table_for_datetime_support',1),('2015_09_18_063224_add_new_fields_to_activity_and_user',1),('2015_09_28_111113_create_nationality_table',1),('2015_09_29_104712_create_user_device_table',1),('2015_10_01_040315_create_notification_table',1),('2017_07_05_102044_add_city_code_address_in_activity_table',1),('2017_07_07_091655_add_city_code_in_user_table',1),('2017_12_12_052509_add_social_login_in_user_table',2),('2017_12_14_082205_add_google_token_to_user_table',2),('2017_12_15_085014_add_social_account_id_to_user_table',2),('2017_12_27_060631_create_hotspot_category_table',2),('2017_12_27_062040_create_hotspot_table',2),('2017_12_27_075659_create_pivot_hotspot_user_table',2),('2017_12_28_050403_add_user_id_to_hotspot_table',2),('2017_12_28_070910_add_hotspot_id_to_user_table',2),('2017_12_28_110228_add_hotspot_id_to_activity_table',2),('2018_01_08_040431_add_street_and_street_number_to_hotspot_table',2),('2018_01_08_050315_add_street_and_street_number_to_activity_table',2),('2018_01_11_105630_delete_hotspot_id_field_from_user_table',2),('2018_01_16_084422_add_left_top_zoom_to_user_table',2);
/*!40000 ALTER TABLE `migrations` ENABLE KEYS */;
UNLOCK TABLES;

--
-- Table structure for table `nationality`
--

DROP TABLE IF EXISTS `nationality`;
/*!40101 SET @saved_cs_client     = @@character_set_client */;
/*!40101 SET character_set_client = utf8 */;
CREATE TABLE `nationality` (
  `id` int(10) unsigned NOT NULL AUTO_INCREMENT,
  `name` varchar(255) COLLATE utf8_unicode_ci NOT NULL,
  `created_at` timestamp NOT NULL DEFAULT '0000-00-00 00:00:00',
  `updated_at` timestamp NOT NULL DEFAULT '0000-00-00 00:00:00',
  PRIMARY KEY (`id`)
) ENGINE=InnoDB AUTO_INCREMENT=199 DEFAULT CHARSET=utf8 COLLATE=utf8_unicode_ci;
/*!40101 SET character_set_client = @saved_cs_client */;

--
-- Dumping data for table `nationality`
--

LOCK TABLES `nationality` WRITE;
/*!40000 ALTER TABLE `nationality` DISABLE KEYS */;
INSERT INTO `nationality` VALUES (1,'Afghan','2017-08-04 09:57:05','2017-08-04 09:57:05'),(2,'Albanian','2017-08-04 09:57:05','2017-08-04 09:57:05'),(3,'Algerian','2017-08-04 09:57:05','2017-08-04 09:57:05'),(4,'American','2017-08-04 09:57:05','2017-08-04 09:57:05'),(5,'Andorran','2017-08-04 09:57:05','2017-08-04 09:57:05'),(6,'Angolan','2017-08-04 09:57:05','2017-08-04 09:57:05'),(7,'Antiguans','2017-08-04 09:57:05','2017-08-04 09:57:05'),(8,'Argentinean','2017-08-04 09:57:05','2017-08-04 09:57:05'),(9,'Armenian','2017-08-04 09:57:05','2017-08-04 09:57:05'),(10,'Australian','2017-08-04 09:57:05','2017-08-04 09:57:05'),(11,'Austrian','2017-08-04 09:57:05','2017-08-04 09:57:05'),(12,'Azerbaijani','2017-08-04 09:57:05','2017-08-04 09:57:05'),(13,'Bahamian','2017-08-04 09:57:05','2017-08-04 09:57:05'),(14,'Bahraini','2017-08-04 09:57:05','2017-08-04 09:57:05'),(15,'Bangladeshi','2017-08-04 09:57:05','2017-08-04 09:57:05'),(16,'Barbadian','2017-08-04 09:57:05','2017-08-04 09:57:05'),(17,'Barbudans','2017-08-04 09:57:05','2017-08-04 09:57:05'),(18,'Batswana','2017-08-04 09:57:05','2017-08-04 09:57:05'),(19,'Belarusian','2017-08-04 09:57:05','2017-08-04 09:57:05'),(20,'Belgian','2017-08-04 09:57:05','2017-08-04 09:57:05'),(21,'Belizean','2017-08-04 09:57:05','2017-08-04 09:57:05'),(22,'Beninese','2017-08-04 09:57:05','2017-08-04 09:57:05'),(23,'Bhutanese','2017-08-04 09:57:05','2017-08-04 09:57:05'),(24,'Bolivian','2017-08-04 09:57:05','2017-08-04 09:57:05'),(25,'Bosnian','2017-08-04 09:57:05','2017-08-04 09:57:05'),(26,'Brazilian','2017-08-04 09:57:05','2017-08-04 09:57:05'),(27,'British','2017-08-04 09:57:05','2017-08-04 09:57:05'),(28,'Bruneian','2017-08-04 09:57:05','2017-08-04 09:57:05'),(29,'Bulgarian','2017-08-04 09:57:05','2017-08-04 09:57:05'),(30,'Burkinabe','2017-08-04 09:57:05','2017-08-04 09:57:05'),(31,'Burmese','2017-08-04 09:57:05','2017-08-04 09:57:05'),(32,'Burundian','2017-08-04 09:57:05','2017-08-04 09:57:05'),(33,'Cambodian','2017-08-04 09:57:05','2017-08-04 09:57:05'),(34,'Cameroonian','2017-08-04 09:57:05','2017-08-04 09:57:05'),(35,'Canadian','2017-08-04 09:57:05','2017-08-04 09:57:05'),(36,'Cape Verdean','2017-08-04 09:57:05','2017-08-04 09:57:05'),(37,'Central African','2017-08-04 09:57:05','2017-08-04 09:57:05'),(38,'Chadian','2017-08-04 09:57:05','2017-08-04 09:57:05'),(39,'Chilean','2017-08-04 09:57:05','2017-08-04 09:57:05'),(40,'Chinese','2017-08-04 09:57:05','2017-08-04 09:57:05'),(41,'Colombian','2017-08-04 09:57:05','2017-08-04 09:57:05'),(42,'Comoran','2017-08-04 09:57:05','2017-08-04 09:57:05'),(43,'Congolese','2017-08-04 09:57:05','2017-08-04 09:57:05'),(44,'Congolese','2017-08-04 09:57:05','2017-08-04 09:57:05'),(45,'Costa Rican','2017-08-04 09:57:05','2017-08-04 09:57:05'),(46,'Croatian','2017-08-04 09:57:05','2017-08-04 09:57:05'),(47,'Cuban','2017-08-04 09:57:05','2017-08-04 09:57:05'),(48,'Cypriot','2017-08-04 09:57:05','2017-08-04 09:57:05'),(49,'Czech','2017-08-04 09:57:05','2017-08-04 09:57:05'),(50,'Danish','2017-08-04 09:57:05','2017-08-04 09:57:05'),(51,'Djibouti','2017-08-04 09:57:05','2017-08-04 09:57:05'),(52,'Dominican','2017-08-04 09:57:05','2017-08-04 09:57:05'),(53,'Dominican','2017-08-04 09:57:05','2017-08-04 09:57:05'),(54,'Dutch','2017-08-04 09:57:05','2017-08-04 09:57:05'),(55,'East Timorese','2017-08-04 09:57:05','2017-08-04 09:57:05'),(56,'Ecuadorean','2017-08-04 09:57:05','2017-08-04 09:57:05'),(57,'Egyptian','2017-08-04 09:57:05','2017-08-04 09:57:05'),(58,'Emirian','2017-08-04 09:57:05','2017-08-04 09:57:05'),(59,'Equatorial Guinean','2017-08-04 09:57:05','2017-08-04 09:57:05'),(60,'Eritrean','2017-08-04 09:57:05','2017-08-04 09:57:05'),(61,'Estonian','2017-08-04 09:57:05','2017-08-04 09:57:05'),(62,'Ethiopian','2017-08-04 09:57:05','2017-08-04 09:57:05'),(63,'Fijian','2017-08-04 09:57:05','2017-08-04 09:57:05'),(64,'Filipino','2017-08-04 09:57:05','2017-08-04 09:57:05'),(65,'Finnish','2017-08-04 09:57:05','2017-08-04 09:57:05'),(66,'French','2017-08-04 09:57:05','2017-08-04 09:57:05'),(67,'Gabonese','2017-08-04 09:57:05','2017-08-04 09:57:05'),(68,'Gambian','2017-08-04 09:57:05','2017-08-04 09:57:05'),(69,'Georgian','2017-08-04 09:57:05','2017-08-04 09:57:05'),(70,'German','2017-08-04 09:57:05','2017-08-04 09:57:05'),(71,'Ghanaian','2017-08-04 09:57:05','2017-08-04 09:57:05'),(72,'Greek','2017-08-04 09:57:05','2017-08-04 09:57:05'),(73,'Grenadian','2017-08-04 09:57:05','2017-08-04 09:57:05'),(74,'Guatemalan','2017-08-04 09:57:05','2017-08-04 09:57:05'),(75,'Guinea-Bissauan','2017-08-04 09:57:05','2017-08-04 09:57:05'),(76,'Guinean','2017-08-04 09:57:05','2017-08-04 09:57:05'),(77,'Guyanese','2017-08-04 09:57:05','2017-08-04 09:57:05'),(78,'Haitian','2017-08-04 09:57:05','2017-08-04 09:57:05'),(79,'Herzegovinian','2017-08-04 09:57:05','2017-08-04 09:57:05'),(80,'Honduran','2017-08-04 09:57:05','2017-08-04 09:57:05'),(81,'Hungarian','2017-08-04 09:57:05','2017-08-04 09:57:05'),(82,'I-Kiribati','2017-08-04 09:57:05','2017-08-04 09:57:05'),(83,'Icelander','2017-08-04 09:57:05','2017-08-04 09:57:05'),(84,'Indian','2017-08-04 09:57:05','2017-08-04 09:57:05'),(85,'Indonesian','2017-08-04 09:57:05','2017-08-04 09:57:05'),(86,'Iranian','2017-08-04 09:57:05','2017-08-04 09:57:05'),(87,'Iraqi','2017-08-04 09:57:05','2017-08-04 09:57:05'),(88,'Irish','2017-08-04 09:57:05','2017-08-04 09:57:05'),(89,'Irish','2017-08-04 09:57:05','2017-08-04 09:57:05'),(90,'Israeli','2017-08-04 09:57:05','2017-08-04 09:57:05'),(91,'Italian','2017-08-04 09:57:05','2017-08-04 09:57:05'),(92,'Ivorian','2017-08-04 09:57:05','2017-08-04 09:57:05'),(93,'Jamaican','2017-08-04 09:57:05','2017-08-04 09:57:05'),(94,'Japanese','2017-08-04 09:57:05','2017-08-04 09:57:05'),(95,'Jordanian','2017-08-04 09:57:05','2017-08-04 09:57:05'),(96,'Kazakhstani','2017-08-04 09:57:05','2017-08-04 09:57:05'),(97,'Kenyan','2017-08-04 09:57:05','2017-08-04 09:57:05'),(98,'Kittian and Nevisian','2017-08-04 09:57:05','2017-08-04 09:57:05'),(99,'Kuwaiti','2017-08-04 09:57:05','2017-08-04 09:57:05'),(100,'Kyrgyz','2017-08-04 09:57:05','2017-08-04 09:57:05'),(101,'Laotian','2017-08-04 09:57:05','2017-08-04 09:57:05'),(102,'Latvian','2017-08-04 09:57:05','2017-08-04 09:57:05'),(103,'Lebanese','2017-08-04 09:57:05','2017-08-04 09:57:05'),(104,'Liberian','2017-08-04 09:57:05','2017-08-04 09:57:05'),(105,'Libyan','2017-08-04 09:57:05','2017-08-04 09:57:05'),(106,'Liechtensteiner','2017-08-04 09:57:05','2017-08-04 09:57:05'),(107,'Lithuanian','2017-08-04 09:57:05','2017-08-04 09:57:05'),(108,'Luxembourger','2017-08-04 09:57:05','2017-08-04 09:57:05'),(109,'Macedonian','2017-08-04 09:57:05','2017-08-04 09:57:05'),(110,'Malagasy','2017-08-04 09:57:05','2017-08-04 09:57:05'),(111,'Malawian','2017-08-04 09:57:05','2017-08-04 09:57:05'),(112,'Malaysian','2017-08-04 09:57:05','2017-08-04 09:57:05'),(113,'Maldivan','2017-08-04 09:57:05','2017-08-04 09:57:05'),(114,'Malian','2017-08-04 09:57:05','2017-08-04 09:57:05'),(115,'Maltese','2017-08-04 09:57:05','2017-08-04 09:57:05'),(116,'Marshallese','2017-08-04 09:57:05','2017-08-04 09:57:05'),(117,'Mauritanian','2017-08-04 09:57:05','2017-08-04 09:57:05'),(118,'Mauritian','2017-08-04 09:57:05','2017-08-04 09:57:05'),(119,'Mexican','2017-08-04 09:57:05','2017-08-04 09:57:05'),(120,'Micronesian','2017-08-04 09:57:05','2017-08-04 09:57:05'),(121,'Moldovan','2017-08-04 09:57:05','2017-08-04 09:57:05'),(122,'Monacan','2017-08-04 09:57:05','2017-08-04 09:57:05'),(123,'Mongolian','2017-08-04 09:57:05','2017-08-04 09:57:05'),(124,'Moroccan','2017-08-04 09:57:05','2017-08-04 09:57:05'),(125,'Mosotho','2017-08-04 09:57:05','2017-08-04 09:57:05'),(126,'Motswana','2017-08-04 09:57:05','2017-08-04 09:57:05'),(127,'Mozambican','2017-08-04 09:57:05','2017-08-04 09:57:05'),(128,'Namibian','2017-08-04 09:57:05','2017-08-04 09:57:05'),(129,'Nauruan','2017-08-04 09:57:05','2017-08-04 09:57:05'),(130,'Nepalese','2017-08-04 09:57:05','2017-08-04 09:57:05'),(131,'New Zealander','2017-08-04 09:57:05','2017-08-04 09:57:05'),(132,'Ni-Vanuatu','2017-08-04 09:57:05','2017-08-04 09:57:05'),(133,'Nicaraguan','2017-08-04 09:57:05','2017-08-04 09:57:05'),(134,'Nigerian','2017-08-04 09:57:05','2017-08-04 09:57:05'),(135,'Nigerien','2017-08-04 09:57:05','2017-08-04 09:57:05'),(136,'North Korean','2017-08-04 09:57:05','2017-08-04 09:57:05'),(137,'Northern Irish','2017-08-04 09:57:05','2017-08-04 09:57:05'),(138,'Norwegian','2017-08-04 09:57:05','2017-08-04 09:57:05'),(139,'Omani','2017-08-04 09:57:05','2017-08-04 09:57:05'),(140,'Pakistani','2017-08-04 09:57:05','2017-08-04 09:57:05'),(141,'Palauan','2017-08-04 09:57:05','2017-08-04 09:57:05'),(142,'Panamanian','2017-08-04 09:57:05','2017-08-04 09:57:05'),(143,'Papua New Guinean','2017-08-04 09:57:05','2017-08-04 09:57:05'),(144,'Paraguayan','2017-08-04 09:57:05','2017-08-04 09:57:05'),(145,'Peruvian','2017-08-04 09:57:05','2017-08-04 09:57:05'),(146,'Polish','2017-08-04 09:57:05','2017-08-04 09:57:05'),(147,'Portuguese','2017-08-04 09:57:05','2017-08-04 09:57:05'),(148,'Qatari','2017-08-04 09:57:05','2017-08-04 09:57:05'),(149,'Romanian','2017-08-04 09:57:05','2017-08-04 09:57:05'),(150,'Russian','2017-08-04 09:57:05','2017-08-04 09:57:05'),(151,'Rwandan','2017-08-04 09:57:05','2017-08-04 09:57:05'),(152,'Saint Lucian','2017-08-04 09:57:05','2017-08-04 09:57:05'),(153,'Salvadoran','2017-08-04 09:57:05','2017-08-04 09:57:05'),(154,'Samoan','2017-08-04 09:57:05','2017-08-04 09:57:05'),(155,'San Marinese','2017-08-04 09:57:05','2017-08-04 09:57:05'),(156,'Sao Tomean','2017-08-04 09:57:05','2017-08-04 09:57:05'),(157,'Saudi','2017-08-04 09:57:05','2017-08-04 09:57:05'),(158,'Scottish','2017-08-04 09:57:05','2017-08-04 09:57:05'),(159,'Senegalese','2017-08-04 09:57:05','2017-08-04 09:57:05'),(160,'Serbian','2017-08-04 09:57:05','2017-08-04 09:57:05'),(161,'Seychellois','2017-08-04 09:57:05','2017-08-04 09:57:05'),(162,'Sierra Leonean','2017-08-04 09:57:05','2017-08-04 09:57:05'),(163,'Singaporean','2017-08-04 09:57:05','2017-08-04 09:57:05'),(164,'Slovakian','2017-08-04 09:57:05','2017-08-04 09:57:05'),(165,'Slovenian','2017-08-04 09:57:05','2017-08-04 09:57:05'),(166,'Solomon Islander','2017-08-04 09:57:05','2017-08-04 09:57:05'),(167,'Somali','2017-08-04 09:57:05','2017-08-04 09:57:05'),(168,'South African','2017-08-04 09:57:05','2017-08-04 09:57:05'),(169,'South Korean','2017-08-04 09:57:05','2017-08-04 09:57:05'),(170,'Spanish','2017-08-04 09:57:05','2017-08-04 09:57:05'),(171,'Sri Lankan','2017-08-04 09:57:05','2017-08-04 09:57:05'),(172,'Sudanese','2017-08-04 09:57:05','2017-08-04 09:57:05'),(173,'Surinamer','2017-08-04 09:57:05','2017-08-04 09:57:05'),(174,'Swazi','2017-08-04 09:57:05','2017-08-04 09:57:05'),(175,'Swedish','2017-08-04 09:57:05','2017-08-04 09:57:05'),(176,'Swiss','2017-08-04 09:57:05','2017-08-04 09:57:05'),(177,'Syrian','2017-08-04 09:57:05','2017-08-04 09:57:05'),(178,'Taiwanese','2017-08-04 09:57:05','2017-08-04 09:57:05'),(179,'Tajik','2017-08-04 09:57:05','2017-08-04 09:57:05'),(180,'Tanzanian','2017-08-04 09:57:05','2017-08-04 09:57:05'),(181,'Thai','2017-08-04 09:57:05','2017-08-04 09:57:05'),(182,'Togolese','2017-08-04 09:57:05','2017-08-04 09:57:05'),(183,'Tongan','2017-08-04 09:57:05','2017-08-04 09:57:05'),(184,'Trinidadian or Tobagonian','2017-08-04 09:57:05','2017-08-04 09:57:05'),(185,'Tunisian','2017-08-04 09:57:05','2017-08-04 09:57:05'),(186,'Turkish','2017-08-04 09:57:05','2017-08-04 09:57:05'),(187,'Tuvaluan','2017-08-04 09:57:05','2017-08-04 09:57:05'),(188,'Ugandan','2017-08-04 09:57:05','2017-08-04 09:57:05'),(189,'Ukrainian','2017-08-04 09:57:05','2017-08-04 09:57:05'),(190,'Uruguayan','2017-08-04 09:57:05','2017-08-04 09:57:05'),(191,'Uzbekistani','2017-08-04 09:57:05','2017-08-04 09:57:05'),(192,'Venezuelan','2017-08-04 09:57:05','2017-08-04 09:57:05'),(193,'Vietnamese','2017-08-04 09:57:05','2017-08-04 09:57:05'),(194,'Welsh','2017-08-04 09:57:05','2017-08-04 09:57:05'),(195,'Welsh','2017-08-04 09:57:05','2017-08-04 09:57:05'),(196,'Yemenite','2017-08-04 09:57:05','2017-08-04 09:57:05'),(197,'Zambian','2017-08-04 09:57:05','2017-08-04 09:57:05'),(198,'Zimbabwean','2017-08-04 09:57:05','2017-08-04 09:57:05');
/*!40000 ALTER TABLE `nationality` ENABLE KEYS */;
UNLOCK TABLES;

--
-- Table structure for table `notification`
--

DROP TABLE IF EXISTS `notification`;
/*!40101 SET @saved_cs_client     = @@character_set_client */;
/*!40101 SET character_set_client = utf8 */;
CREATE TABLE `notification` (
  `id` int(10) unsigned NOT NULL AUTO_INCREMENT,
  `send_to` int(10) unsigned NOT NULL,
  `reference_user_id` int(10) unsigned DEFAULT NULL,
  `reference_activity_id` int(10) unsigned DEFAULT NULL,
  `type` varchar(255) COLLATE utf8_unicode_ci NOT NULL,
  `message` varchar(255) COLLATE utf8_unicode_ci NOT NULL,
  `message_reference` varchar(255) COLLATE utf8_unicode_ci NOT NULL,
  `status` varchar(255) COLLATE utf8_unicode_ci NOT NULL,
  `error` varchar(255) COLLATE utf8_unicode_ci NOT NULL,
  `created_at` timestamp NOT NULL DEFAULT '0000-00-00 00:00:00',
  `updated_at` timestamp NOT NULL DEFAULT '0000-00-00 00:00:00',
  PRIMARY KEY (`id`),
  KEY `notification_send_to_foreign` (`send_to`),
  KEY `notification_reference_user_id_foreign` (`reference_user_id`),
  KEY `notification_reference_activity_id_foreign` (`reference_activity_id`),
  CONSTRAINT `notification_reference_activity_id_foreign` FOREIGN KEY (`reference_activity_id`) REFERENCES `activity` (`id`) ON DELETE CASCADE ON UPDATE CASCADE,
  CONSTRAINT `notification_reference_user_id_foreign` FOREIGN KEY (`reference_user_id`) REFERENCES `user` (`id`) ON DELETE CASCADE ON UPDATE CASCADE,
  CONSTRAINT `notification_send_to_foreign` FOREIGN KEY (`send_to`) REFERENCES `user` (`id`) ON DELETE CASCADE ON UPDATE CASCADE
) ENGINE=InnoDB AUTO_INCREMENT=1038 DEFAULT CHARSET=utf8 COLLATE=utf8_unicode_ci;
/*!40101 SET character_set_client = @saved_cs_client */;

--
-- Dumping data for table `notification`
--

LOCK TABLES `notification` WRITE;
/*!40000 ALTER TABLE `notification` DISABLE KEYS */;
INSERT INTO `notification` VALUES (925,153,154,NULL,'CONNECTION_REQUEST_RECEIVED','Francisco Benavides sent you a buddy request','','READ','','2018-04-13 06:19:13','2018-04-13 06:57:49'),(926,153,155,NULL,'CONNECTION_REQUEST_RECEIVED','Koen Peters sent you a buddy request','','READ','','2018-04-13 15:44:03','2018-04-13 15:44:21'),(927,157,154,NULL,'CONNECTION_REQUEST_RECEIVED','Francisco Lujano Benavides sent you a buddy request','','READ','','2018-04-14 17:38:09','2018-04-14 17:38:39'),(928,153,157,NULL,'CONNECTION_REQUEST_RECEIVED','Ramon Benavides sent you a buddy request','','READ','','2018-04-14 17:38:56','2018-04-14 17:47:47'),(929,154,NULL,352,'FAVORITE_SPORT_ACTIVITY','Tarik Zagmouti created Let’s Play 5 vs 5 – Street soccer','','READ','','2018-04-17 13:59:08','2018-04-17 17:09:20'),(930,153,159,NULL,'CONNECTION_REQUEST_RECEIVED','Marciano Fleminks sent you a buddy request','','READ','','2018-04-17 14:01:57','2018-04-17 14:02:43'),(931,153,NULL,352,'JOIN_ACTIVITY','Marciano is joining Let’s Play 5 vs 5','','READ','','2018-04-17 14:03:53','2018-04-17 14:13:09'),(932,153,NULL,352,'JOIN_ACTIVITY','Francisco is joining Let’s Play 5 vs 5','','READ','','2018-04-17 17:09:22','2018-04-17 17:18:14'),(933,154,165,NULL,'CONNECTION_REQUEST_RECEIVED','Jesper Purola sent you a buddy request','','READ','','2018-04-26 20:09:51','2018-04-26 23:03:36'),(934,167,153,NULL,'CONNECTION_REQUEST_RECEIVED','Tarik Zagmouti sent you a buddy request','','NEW','','2018-05-01 14:24:49','2018-05-01 14:24:49'),(935,153,170,NULL,'CONNECTION_REQUEST_RECEIVED','Redouan Bouchla sent you a buddy request','','READ','','2018-05-01 17:46:55','2018-05-01 18:10:16'),(936,153,160,NULL,'CONNECTION_REQUEST_RECEIVED','Judith Van Der Schaaf sent you a buddy request','','READ','','2018-05-03 08:40:15','2018-05-03 08:41:09'),(937,154,NULL,353,'INVITE_TO_ACTIVITY','Tarik invited you to Spoly 5 vs 5','','READ','','2018-05-03 08:43:40','2018-05-03 11:53:53'),(938,155,NULL,353,'INVITE_TO_ACTIVITY','Tarik invited you to Spoly 5 vs 5','','SENT','','2018-05-03 08:43:41','2018-05-03 08:43:42'),(939,159,NULL,353,'INVITE_TO_ACTIVITY','Tarik invited you to Spoly 5 vs 5','','READ','','2018-05-03 08:43:42','2018-05-09 16:50:30'),(940,170,NULL,353,'INVITE_TO_ACTIVITY','Tarik invited you to Spoly 5 vs 5','','READ','','2018-05-03 08:43:43','2018-05-03 09:17:29'),(941,160,NULL,353,'INVITE_TO_ACTIVITY','Tarik invited you to Spoly 5 vs 5','','READ','','2018-05-03 08:43:43','2018-05-03 08:45:49'),(942,153,NULL,353,'JOIN_ACTIVITY','Judith is joining Spoly 5 vs 5','','READ','','2018-05-03 08:45:53','2018-05-03 08:46:34'),(943,153,NULL,353,'JOIN_ACTIVITY','Francisco is joining Spoly 5 vs 5','','READ','','2018-05-03 11:53:25','2018-05-03 12:25:41'),(944,170,173,NULL,'CONNECTION_REQUEST_RECEIVED','Ilias Zagmouti sent you a buddy request','','READ','','2018-05-03 16:42:13','2018-05-03 17:00:34'),(945,153,NULL,353,'JOIN_ACTIVITY','Ilias is joining Spoly 5 vs 5','','READ','','2018-05-03 16:48:12','2018-05-07 15:39:41'),(946,153,NULL,353,'JOIN_ACTIVITY','Redouan is joining Spoly 5 vs 5','','READ','','2018-05-03 17:00:53','2018-05-03 17:54:45'),(947,172,154,NULL,'CONNECTION_REQUEST_RECEIVED','Francisco Lujano Benavides sent you a buddy request','','READ','','2018-05-03 18:50:57','2018-05-03 18:52:55'),(948,174,153,NULL,'CONNECTION_REQUEST_RECEIVED','Tarik Zagmouti sent you a buddy request','','SENT','','2018-05-07 15:38:06','2018-05-07 15:38:07'),(949,153,NULL,353,'JOIN_ACTIVITY','Fayette is joining Spoly 5 vs 5','','READ','','2018-05-07 15:46:09','2018-05-09 11:40:23'),(950,153,172,NULL,'CONNECTION_REQUEST_RECEIVED','Mike Goedhart sent you a buddy request','','READ','','2018-05-09 12:50:13','2018-05-09 12:53:32'),(951,153,NULL,353,'JOIN_ACTIVITY','Marciano is joining Spoly 5 vs 5','','READ','','2018-05-09 16:50:33','2018-05-09 17:41:28'),(952,153,179,NULL,'CONNECTION_REQUEST_RECEIVED','Dylan Mclean sent you a buddy request','','READ','','2018-05-09 17:19:34','2018-05-09 17:41:08'),(953,153,NULL,353,'JOIN_ACTIVITY','Dylan is joining Spoly 5 vs 5','','READ','','2018-05-09 17:20:27','2018-05-14 19:33:52'),(954,153,NULL,353,'LEAVE_ACTIVITY','Dylan has left Spoly 5 vs 5 event','','READ','','2018-05-09 17:21:33','2018-05-09 19:22:05'),(955,153,NULL,353,'JOIN_ACTIVITY','Denny is joining Spoly 5 vs 5','','READ','','2018-05-09 19:08:35','2018-05-14 19:33:49'),(956,154,NULL,353,'ACTIVITY_UPDATED','Spoly 5 vs 5 has been changed','','READ','','2018-05-11 11:48:37','2018-05-15 14:52:38'),(957,159,NULL,353,'ACTIVITY_UPDATED','Spoly 5 vs 5 has been changed','','READ','','2018-05-11 11:48:38','2018-05-11 12:01:48'),(958,170,NULL,353,'ACTIVITY_UPDATED','Spoly 5 vs 5 has been changed','','READ','','2018-05-11 11:48:38','2018-05-11 11:49:42'),(959,160,NULL,353,'ACTIVITY_UPDATED','Spoly 5 vs 5 has been changed','','NEW','','2018-05-11 11:48:39','2018-05-11 11:48:39'),(960,173,NULL,353,'ACTIVITY_UPDATED','Spoly 5 vs 5 has been changed','','SENT','','2018-05-11 11:48:39','2018-05-11 11:48:40'),(961,174,NULL,353,'ACTIVITY_UPDATED','Spoly 5 vs 5 has been changed','','READ','','2018-05-11 11:48:40','2018-05-11 20:38:57'),(962,179,NULL,353,'INVITE_TO_ACTIVITY','Tarik invited you to Spoly 5 vs 5','','SENT','','2018-05-11 11:48:41','2018-05-11 11:48:42'),(963,180,NULL,353,'ACTIVITY_UPDATED','Spoly 5 vs 5 has been changed','','SENT','','2018-05-11 11:48:42','2018-05-11 11:48:43'),(964,154,NULL,353,'ACTIVITY_UPDATED','Spoly 5 vs 5 has been changed','','READ','','2018-05-15 14:43:41','2018-05-15 14:52:44'),(965,159,NULL,353,'ACTIVITY_UPDATED','Spoly 5 vs 5 has been changed','','SENT','','2018-05-15 14:43:42','2018-05-15 14:43:43'),(966,170,NULL,353,'ACTIVITY_UPDATED','Spoly 5 vs 5 has been changed','','READ','','2018-05-15 14:43:43','2018-05-15 14:46:03'),(967,160,NULL,353,'ACTIVITY_UPDATED','Spoly 5 vs 5 has been changed','','NEW','','2018-05-15 14:43:44','2018-05-15 14:43:44'),(968,173,NULL,353,'ACTIVITY_UPDATED','Spoly 5 vs 5 has been changed','','SENT','','2018-05-15 14:43:44','2018-05-15 14:43:44'),(969,174,NULL,353,'ACTIVITY_UPDATED','Spoly 5 vs 5 has been changed','','SENT','','2018-05-15 14:43:44','2018-05-15 14:43:45'),(970,180,NULL,353,'ACTIVITY_UPDATED','Spoly 5 vs 5 has been changed','','SENT','','2018-05-15 14:43:45','2018-05-15 14:43:46'),(971,172,NULL,353,'INVITE_TO_ACTIVITY','Tarik invited you to Spoly 5 vs 5','','READ','','2018-05-15 14:43:46','2018-05-15 16:11:08'),(972,153,NULL,353,'JOIN_ACTIVITY','Mike is joining Spoly 5 vs 5','','READ','','2018-05-15 16:11:44','2018-05-15 16:16:11'),(973,183,153,NULL,'CONNECTION_REQUEST_RECEIVED','Tarik Zagmouti sent you a buddy request','','READ','','2018-05-15 16:39:50','2018-05-15 16:59:43'),(974,154,NULL,353,'ACTIVITY_UPDATED','Spoly 5 vs 5 has been changed','','READ','','2018-05-15 17:02:46','2018-05-15 19:29:07'),(975,159,NULL,353,'ACTIVITY_UPDATED','Spoly 5 vs 5 has been changed','','SENT','','2018-05-15 17:02:47','2018-05-15 17:02:47'),(976,170,NULL,353,'ACTIVITY_UPDATED','Spoly 5 vs 5 has been changed','','SENT','','2018-05-15 17:02:47','2018-05-15 17:02:48'),(977,160,NULL,353,'ACTIVITY_UPDATED','Spoly 5 vs 5 has been changed','','NEW','','2018-05-15 17:02:48','2018-05-15 17:02:48'),(978,173,NULL,353,'ACTIVITY_UPDATED','Spoly 5 vs 5 has been changed','','SENT','','2018-05-15 17:02:48','2018-05-15 17:02:49'),(979,174,NULL,353,'ACTIVITY_UPDATED','Spoly 5 vs 5 has been changed','','SENT','','2018-05-15 17:02:49','2018-05-15 17:02:50'),(980,180,NULL,353,'ACTIVITY_UPDATED','Spoly 5 vs 5 has been changed','','SENT','','2018-05-15 17:02:50','2018-05-15 17:02:50'),(981,172,NULL,353,'ACTIVITY_UPDATED','Spoly 5 vs 5 has been changed','','READ','','2018-05-15 17:02:50','2018-05-15 17:09:27'),(982,154,NULL,353,'ACTIVITY_UPDATED','Spoly 5 vs 5 has been changed','','READ','','2018-05-15 17:40:46','2018-05-15 19:29:09'),(983,159,NULL,353,'ACTIVITY_UPDATED','Spoly 5 vs 5 has been changed','','READ','','2018-05-15 17:40:47','2018-05-16 07:53:16'),(984,170,NULL,353,'ACTIVITY_UPDATED','Spoly 5 vs 5 has been changed','','READ','','2018-05-15 17:40:47','2018-05-18 08:09:56'),(985,160,NULL,353,'ACTIVITY_UPDATED','Spoly 5 vs 5 has been changed','','NEW','','2018-05-15 17:40:48','2018-05-15 17:40:48'),(986,173,NULL,353,'ACTIVITY_UPDATED','Spoly 5 vs 5 has been changed','','SENT','','2018-05-15 17:40:48','2018-05-15 17:40:49'),(987,174,NULL,353,'ACTIVITY_UPDATED','Spoly 5 vs 5 has been changed','','SENT','','2018-05-15 17:40:49','2018-05-15 17:40:50'),(988,180,NULL,353,'ACTIVITY_UPDATED','Spoly 5 vs 5 has been changed','','READ','','2018-05-15 17:40:50','2018-05-20 11:03:27'),(989,172,NULL,353,'ACTIVITY_UPDATED','Spoly 5 vs 5 has been changed','','READ','','2018-05-15 17:40:51','2018-05-20 09:44:15'),(990,183,NULL,353,'INVITE_TO_ACTIVITY','Tarik invited you to Spoly 5 vs 5','','READ','','2018-05-15 17:40:51','2018-05-15 17:45:36'),(991,153,NULL,353,'JOIN_ACTIVITY','Lorenzo is joining Spoly 5 vs 5','','READ','','2018-05-15 17:45:39','2018-05-15 19:57:54'),(992,182,153,NULL,'CONNECTION_REQUEST_RECEIVED','Tarik Zagmouti sent you a buddy request','','SENT','','2018-05-18 15:55:19','2018-05-18 15:55:22'),(993,178,153,NULL,'CONNECTION_REQUEST_RECEIVED','Tarik Zagmouti sent you a buddy request','','READ','','2018-05-20 18:20:00','2018-05-20 18:47:36'),(994,154,189,NULL,'CONNECTION_REQUEST_RECEIVED','Jenna Rutanen sent you a buddy request','','READ','','2018-05-23 19:26:40','2018-05-23 19:27:13'),(995,153,189,NULL,'CONNECTION_REQUEST_RECEIVED','Jenna Rutanen sent you a buddy request','','READ','','2018-05-23 19:27:04','2018-05-23 20:01:32'),(996,153,189,NULL,'CONNECTION_REQUEST_RECEIVED','Jenna Rutanen sent you a buddy request','','READ','','2018-05-23 19:27:07','2018-05-23 20:01:54'),(997,179,NULL,355,'INVITE_TO_ACTIVITY','Tarik invited you to Winner stays 3 vs 3','','READ','','2018-06-07 07:56:43','2018-06-07 20:55:45'),(998,174,NULL,355,'INVITE_TO_ACTIVITY','Tarik invited you to Winner stays 3 vs 3','','SENT','','2018-06-07 07:56:45','2018-06-07 07:56:46'),(999,160,NULL,355,'INVITE_TO_ACTIVITY','Tarik invited you to Winner stays 3 vs 3','','NEW','','2018-06-07 07:56:46','2018-06-07 07:56:46'),(1000,183,NULL,355,'INVITE_TO_ACTIVITY','Tarik invited you to Winner stays 3 vs 3','','SENT','','2018-06-07 07:56:46','2018-06-07 07:56:47'),(1001,159,NULL,355,'INVITE_TO_ACTIVITY','Tarik invited you to Winner stays 3 vs 3','','SENT','','2018-06-07 07:56:47','2018-06-07 07:56:47'),(1002,172,NULL,355,'INVITE_TO_ACTIVITY','Tarik invited you to Winner stays 3 vs 3','','READ','','2018-06-07 07:56:47','2018-06-07 07:57:54'),(1003,170,NULL,355,'INVITE_TO_ACTIVITY','Tarik invited you to Winner stays 3 vs 3','','SENT','','2018-06-07 07:56:48','2018-06-07 07:56:49'),(1004,154,NULL,355,'FAVORITE_SPORT_ACTIVITY','Tarik Zagmouti created Winner stays 3 vs 3 – Street soccer','','READ','','2018-06-07 07:56:49','2018-06-07 10:19:08'),(1005,173,NULL,355,'FAVORITE_SPORT_ACTIVITY','Tarik Zagmouti created Winner stays 3 vs 3 – Street soccer','','SENT','','2018-06-07 07:56:50','2018-06-07 07:56:50'),(1006,180,NULL,355,'FAVORITE_SPORT_ACTIVITY','Tarik Zagmouti created Winner stays 3 vs 3 – Street soccer','','SENT','','2018-06-07 07:56:50','2018-06-07 07:56:51'),(1007,182,NULL,355,'FAVORITE_SPORT_ACTIVITY','Tarik Zagmouti created Winner stays 3 vs 3 – Street soccer','','SENT','','2018-06-07 07:56:51','2018-06-07 07:56:52'),(1008,189,NULL,355,'FAVORITE_SPORT_ACTIVITY','Tarik Zagmouti created Winner stays 3 vs 3 – Street soccer','','READ','','2018-06-07 07:56:52','2018-06-10 13:43:40'),(1009,173,153,NULL,'CONNECTION_REQUEST_RECEIVED','Tarik Zagmouti sent you a buddy request','','SENT','','2018-06-07 08:14:35','2018-06-07 08:14:37'),(1010,153,NULL,355,'JOIN_ACTIVITY','Francisco is joining Winner stays 3 vs 3','','SENT','','2018-06-07 10:19:11','2018-06-07 10:19:12'),(1011,154,NULL,355,'ACTIVITY_UPDATED','Winner stays 3 vs 3 has been changed','','READ','','2018-06-07 10:25:15','2018-06-07 10:37:35'),(1012,154,198,NULL,'CONNECTION_REQUEST_RECEIVED','Danny Castillo (spoly) sent you a buddy request','','READ','','2018-06-08 18:16:14','2018-06-08 20:14:50'),(1013,157,198,NULL,'CONNECTION_REQUEST_RECEIVED','Danny (spoly) Castillo (spoly) sent you a buddy request','','SENT','','2018-06-08 18:18:21','2018-06-08 18:18:23'),(1014,157,198,NULL,'CONNECTION_REQUEST_RECEIVED','Danny (spoly) Castillo (spoly) sent you a buddy request','','SENT','','2018-06-08 18:18:25','2018-06-08 18:18:26'),(1015,153,198,NULL,'CONNECTION_REQUEST_RECEIVED','Danny (spoly) Castillo (spoly) sent you a buddy request','','READ','','2018-06-08 18:18:38','2018-06-09 18:51:50'),(1016,187,NULL,356,'FAVORITE_SPORT_ACTIVITY','Danny (spoly) Castillo (spoly) created Día del Padre – Street workout','','SENT','','2018-06-08 18:46:18','2018-06-08 18:46:21'),(1017,188,NULL,357,'FAVORITE_SPORT_ACTIVITY','Danny (spoly) Castillo (spoly) created Día del Padre – Street soccer','','SENT','','2018-06-08 18:53:23','2018-06-08 18:53:26'),(1018,188,NULL,358,'FAVORITE_SPORT_ACTIVITY','Danny (spoly) Castillo (spoly) created Rodada MTB CaboSport – biking','','SENT','','2018-06-08 19:33:15','2018-06-08 19:33:17'),(1019,162,201,NULL,'CONNECTION_REQUEST_RECEIVED','Aaa Pppp sent you a buddy request','','READ','','2018-06-14 03:37:24','2018-06-14 03:38:07'),(1020,201,NULL,359,'INVITE_TO_ACTIVITY','Ap invited you to Oeoe','','NEW','','2018-06-14 03:38:40','2018-06-14 03:38:40'),(1021,201,NULL,360,'INVITE_TO_ACTIVITY','Ap invited you to Ksksk','','NEW','','2018-06-14 03:41:02','2018-06-14 03:41:02'),(1022,199,NULL,360,'FAVORITE_SPORT_ACTIVITY','Ap Developent created Ksksk – Basketball','','READ','','2018-06-14 03:41:02','2018-06-14 09:37:39'),(1023,201,NULL,361,'INVITE_TO_ACTIVITY','Ap invited you to Vkbkvvcic','','NEW','','2018-06-14 05:35:54','2018-06-14 05:35:54'),(1024,199,NULL,361,'FAVORITE_SPORT_ACTIVITY','Ap Developent created Vkbkvvcic – Basketball','','READ','','2018-06-14 05:35:54','2018-06-14 09:37:30'),(1025,200,NULL,361,'FAVORITE_SPORT_ACTIVITY','Ap Developent created Vkbkvvcic – Basketball','','READ','','2018-06-14 05:35:56','2018-06-14 07:49:01'),(1026,201,NULL,362,'INVITE_TO_ACTIVITY','Ap invited you to Kbkvivv','','NEW','','2018-06-14 05:39:46','2018-06-14 05:39:46'),(1027,153,NULL,362,'FAVORITE_SPORT_ACTIVITY','Ap Developent created Kbkvivv – Basketball','','READ','','2018-06-14 05:39:46','2018-06-14 07:47:36'),(1028,199,NULL,363,'FAVORITE_SPORT_ACTIVITY','Panudet Tammawongsa created ฟกด – Basketball','','READ','','2018-06-14 09:34:51','2018-06-14 09:37:49'),(1029,200,NULL,364,'FAVORITE_SPORT_ACTIVITY','Panudet Tammawongsa created Hf – Basketball','','READ','','2018-06-14 09:38:53','2018-06-14 09:39:43'),(1030,200,NULL,365,'FAVORITE_SPORT_ACTIVITY','Panudet Tammawongsa created Ff – Basketball','','READ','','2018-06-14 09:40:28','2018-06-14 09:41:04'),(1031,201,199,NULL,'CONNECTION_REQUEST_RECEIVED','Panudet Tammawongsa sent you a buddy request','','NEW','','2018-06-15 05:32:40','2018-06-15 05:32:40'),(1032,162,199,NULL,'CONNECTION_REQUEST_RECEIVED','Panudet Tammawongsa sent you a buddy request','','READ','','2018-06-15 05:32:51','2018-06-15 05:33:12'),(1033,162,NULL,366,'INVITE_TO_ACTIVITY','Panudet invited you to Hoh','','SENT','','2018-06-15 05:34:39','2018-06-15 05:34:41'),(1034,200,NULL,366,'FAVORITE_SPORT_ACTIVITY','Panudet Tammawongsa created Hoh – Basketball','','READ','','2018-06-15 05:34:41','2018-06-15 05:48:42'),(1035,154,179,NULL,'CONNECTION_REQUEST_RECEIVED','Dylan Mclean sent you a buddy request','','READ','','2018-06-21 19:52:34','2018-06-21 19:52:58'),(1036,198,214,NULL,'CONNECTION_REQUEST_RECEIVED','Mimi Fc sent you a buddy request','','NEW','','2018-06-28 02:23:40','2018-06-28 02:23:40'),(1037,202,214,NULL,'CONNECTION_REQUEST_RECEIVED','Mimi Fc sent you a buddy request','','SENT','','2018-06-28 02:24:33','2018-06-28 02:24:35');
/*!40000 ALTER TABLE `notification` ENABLE KEYS */;
UNLOCK TABLES;

--
-- Table structure for table `password_reset`
--

DROP TABLE IF EXISTS `password_reset`;
/*!40101 SET @saved_cs_client     = @@character_set_client */;
/*!40101 SET character_set_client = utf8 */;
CREATE TABLE `password_reset` (
  `email` varchar(255) COLLATE utf8_unicode_ci NOT NULL,
  `token` varchar(255) COLLATE utf8_unicode_ci NOT NULL,
  `created_at` timestamp NOT NULL DEFAULT '0000-00-00 00:00:00',
  KEY `password_reset_email_index` (`email`),
  KEY `password_reset_token_index` (`token`)
) ENGINE=InnoDB DEFAULT CHARSET=utf8 COLLATE=utf8_unicode_ci;
/*!40101 SET character_set_client = @saved_cs_client */;

--
-- Dumping data for table `password_reset`
--

LOCK TABLES `password_reset` WRITE;
/*!40000 ALTER TABLE `password_reset` DISABLE KEYS */;
/*!40000 ALTER TABLE `password_reset` ENABLE KEYS */;
UNLOCK TABLES;

--
-- Table structure for table `pivot_activity_user`
--

DROP TABLE IF EXISTS `pivot_activity_user`;
/*!40101 SET @saved_cs_client     = @@character_set_client */;
/*!40101 SET character_set_client = utf8 */;
CREATE TABLE `pivot_activity_user` (
  `id` int(10) unsigned NOT NULL AUTO_INCREMENT,
  `activity_id` int(10) unsigned NOT NULL,
  `user_id` int(10) unsigned NOT NULL,
  `status` varchar(255) COLLATE utf8_unicode_ci NOT NULL,
  `created_at` timestamp NOT NULL DEFAULT '0000-00-00 00:00:00',
  `updated_at` timestamp NOT NULL DEFAULT '0000-00-00 00:00:00',
  PRIMARY KEY (`id`),
  KEY `pivot_activity_user_activity_id_foreign` (`activity_id`),
  KEY `pivot_activity_user_user_id_foreign` (`user_id`),
  CONSTRAINT `pivot_activity_user_activity_id_foreign` FOREIGN KEY (`activity_id`) REFERENCES `activity` (`id`) ON DELETE CASCADE ON UPDATE CASCADE,
  CONSTRAINT `pivot_activity_user_user_id_foreign` FOREIGN KEY (`user_id`) REFERENCES `user` (`id`) ON DELETE CASCADE ON UPDATE CASCADE
) ENGINE=InnoDB AUTO_INCREMENT=708 DEFAULT CHARSET=utf8 COLLATE=utf8_unicode_ci;
/*!40101 SET character_set_client = @saved_cs_client */;

--
-- Dumping data for table `pivot_activity_user`
--

LOCK TABLES `pivot_activity_user` WRITE;
/*!40000 ALTER TABLE `pivot_activity_user` DISABLE KEYS */;
INSERT INTO `pivot_activity_user` VALUES (667,352,153,'joining','2018-04-17 13:59:08','2018-04-17 13:59:08'),(668,352,159,'joining','2018-04-17 14:03:53','2018-04-17 14:03:53'),(669,352,154,'joining','2018-04-17 17:09:22','2018-04-17 17:09:22'),(670,353,153,'joining','2018-05-03 08:43:40','2018-05-03 08:43:40'),(671,353,154,'joining','2018-05-03 08:43:40','2018-05-03 11:53:25'),(672,353,155,'invited','2018-05-03 08:43:40','2018-05-03 08:43:40'),(673,353,159,'joining','2018-05-03 08:43:40','2018-05-09 16:50:33'),(674,353,170,'joining','2018-05-03 08:43:40','2018-05-03 17:00:53'),(675,353,160,'joining','2018-05-03 08:43:40','2018-05-03 08:45:53'),(676,353,173,'joining','2018-05-03 16:48:12','2018-05-03 16:48:12'),(677,353,174,'joining','2018-05-07 15:46:09','2018-05-07 15:46:09'),(678,354,169,'joining','2018-05-09 00:23:29','2018-05-09 00:23:29'),(679,353,179,'left','2018-05-09 17:20:27','2018-05-09 17:21:33'),(680,353,180,'joining','2018-05-09 19:08:35','2018-05-09 19:08:35'),(681,353,172,'joining','2018-05-15 14:43:41','2018-05-15 16:11:44'),(682,353,183,'joining','2018-05-15 17:40:46','2018-05-15 17:45:39'),(683,355,153,'joining','2018-06-07 07:56:43','2018-06-07 07:56:43'),(684,355,179,'invited','2018-06-07 07:56:43','2018-06-07 07:56:43'),(685,355,174,'invited','2018-06-07 07:56:43','2018-06-07 07:56:43'),(686,355,160,'invited','2018-06-07 07:56:43','2018-06-07 07:56:43'),(687,355,183,'invited','2018-06-07 07:56:43','2018-06-07 07:56:43'),(688,355,159,'invited','2018-06-07 07:56:43','2018-06-07 07:56:43'),(689,355,172,'invited','2018-06-07 07:56:43','2018-06-07 07:56:43'),(690,355,170,'invited','2018-06-07 07:56:43','2018-06-07 07:56:43'),(691,355,154,'joining','2018-06-07 10:19:11','2018-06-07 10:19:11'),(692,356,198,'joining','2018-06-08 18:46:18','2018-06-08 18:46:18'),(693,357,198,'joining','2018-06-08 18:53:23','2018-06-08 18:53:23'),(694,358,198,'joining','2018-06-08 19:33:15','2018-06-08 19:33:15'),(695,359,162,'joining','2018-06-14 03:38:40','2018-06-14 03:38:40'),(696,359,201,'invited','2018-06-14 03:38:40','2018-06-14 03:38:40'),(697,360,162,'joining','2018-06-14 03:41:02','2018-06-14 03:41:02'),(698,360,201,'invited','2018-06-14 03:41:02','2018-06-14 03:41:02'),(699,361,162,'joining','2018-06-14 05:35:54','2018-06-14 05:35:54'),(700,361,201,'invited','2018-06-14 05:35:54','2018-06-14 05:35:54'),(701,362,162,'joining','2018-06-14 05:39:46','2018-06-14 05:39:46'),(702,362,201,'invited','2018-06-14 05:39:46','2018-06-14 05:39:46'),(703,363,200,'joining','2018-06-14 09:34:51','2018-06-14 09:34:51'),(704,364,199,'joining','2018-06-14 09:38:53','2018-06-14 09:38:53'),(705,365,199,'joining','2018-06-14 09:40:28','2018-06-14 09:40:28'),(706,366,199,'joining','2018-06-15 05:34:39','2018-06-15 05:34:39'),(707,366,162,'invited','2018-06-15 05:34:39','2018-06-15 05:34:39');
/*!40000 ALTER TABLE `pivot_activity_user` ENABLE KEYS */;
UNLOCK TABLES;

--
-- Table structure for table `pivot_brand_user`
--

DROP TABLE IF EXISTS `pivot_brand_user`;
/*!40101 SET @saved_cs_client     = @@character_set_client */;
/*!40101 SET character_set_client = utf8 */;
CREATE TABLE `pivot_brand_user` (
  `brand_id` int(10) unsigned NOT NULL,
  `user_id` int(10) unsigned NOT NULL,
  `created_at` timestamp NOT NULL DEFAULT '0000-00-00 00:00:00',
  `updated_at` timestamp NOT NULL DEFAULT '0000-00-00 00:00:00',
  KEY `pivot_brand_user_brand_id_foreign` (`brand_id`),
  KEY `pivot_brand_user_user_id_foreign` (`user_id`),
  CONSTRAINT `pivot_brand_user_brand_id_foreign` FOREIGN KEY (`brand_id`) REFERENCES `brand` (`id`) ON DELETE CASCADE ON UPDATE CASCADE,
  CONSTRAINT `pivot_brand_user_user_id_foreign` FOREIGN KEY (`user_id`) REFERENCES `user` (`id`) ON DELETE CASCADE ON UPDATE CASCADE
) ENGINE=InnoDB DEFAULT CHARSET=utf8 COLLATE=utf8_unicode_ci;
/*!40101 SET character_set_client = @saved_cs_client */;

--
-- Dumping data for table `pivot_brand_user`
--

LOCK TABLES `pivot_brand_user` WRITE;
/*!40000 ALTER TABLE `pivot_brand_user` DISABLE KEYS */;
INSERT INTO `pivot_brand_user` VALUES (138,153,'2018-04-12 07:55:36','2018-04-12 07:55:36'),(138,154,'2018-04-13 06:16:04','2018-04-13 06:16:04'),(1,170,'2018-05-02 10:04:24','2018-05-02 10:04:24'),(138,170,'2018-05-02 10:04:24','2018-05-02 10:04:24'),(160,170,'2018-05-02 10:04:24','2018-05-02 10:04:24'),(168,170,'2018-05-02 10:04:24','2018-05-02 10:04:24'),(219,170,'2018-05-02 10:04:24','2018-05-02 10:04:24'),(1,173,'2018-05-03 16:41:58','2018-05-03 16:41:58'),(135,173,'2018-05-03 16:41:58','2018-05-03 16:41:58'),(138,173,'2018-05-03 16:41:58','2018-05-03 16:41:58'),(163,173,'2018-05-03 16:41:58','2018-05-03 16:41:58'),(209,173,'2018-05-03 16:41:58','2018-05-03 16:41:58'),(1,180,'2018-05-09 19:07:11','2018-05-09 19:07:11'),(225,180,'2018-05-09 19:07:11','2018-05-09 19:07:11'),(51,180,'2018-05-09 19:07:11','2018-05-09 19:07:11'),(60,180,'2018-05-09 19:07:11','2018-05-09 19:07:11'),(64,180,'2018-05-09 19:07:11','2018-05-09 19:07:11'),(79,180,'2018-05-09 19:07:11','2018-05-09 19:07:11'),(99,180,'2018-05-09 19:07:11','2018-05-09 19:07:11'),(138,180,'2018-05-09 19:07:11','2018-05-09 19:07:11'),(139,180,'2018-05-09 19:07:11','2018-05-09 19:07:11'),(141,180,'2018-05-09 19:07:11','2018-05-09 19:07:11'),(160,180,'2018-05-09 19:07:11','2018-05-09 19:07:11'),(168,180,'2018-05-09 19:07:11','2018-05-09 19:07:11'),(196,180,'2018-05-09 19:07:11','2018-05-09 19:07:11'),(201,180,'2018-05-09 19:07:11','2018-05-09 19:07:11'),(209,180,'2018-05-09 19:07:11','2018-05-09 19:07:11'),(215,180,'2018-05-09 19:07:11','2018-05-09 19:07:11'),(1,188,'2018-05-22 23:35:36','2018-05-22 23:35:36'),(8,188,'2018-05-22 23:35:36','2018-05-22 23:35:36'),(22,188,'2018-05-22 23:35:36','2018-05-22 23:35:36'),(23,188,'2018-05-22 23:35:36','2018-05-22 23:35:36'),(27,188,'2018-05-22 23:35:36','2018-05-22 23:35:36'),(29,188,'2018-05-22 23:35:36','2018-05-22 23:35:36'),(30,188,'2018-05-22 23:35:36','2018-05-22 23:35:36'),(42,188,'2018-05-22 23:35:36','2018-05-22 23:35:36'),(43,188,'2018-05-22 23:35:36','2018-05-22 23:35:36'),(225,188,'2018-05-22 23:35:36','2018-05-22 23:35:36'),(51,188,'2018-05-22 23:35:36','2018-05-22 23:35:36'),(60,188,'2018-05-22 23:35:36','2018-05-22 23:35:36'),(61,188,'2018-05-22 23:35:36','2018-05-22 23:35:36'),(63,188,'2018-05-22 23:35:36','2018-05-22 23:35:36'),(64,188,'2018-05-22 23:35:36','2018-05-22 23:35:36'),(71,188,'2018-05-22 23:35:36','2018-05-22 23:35:36'),(76,188,'2018-05-22 23:35:36','2018-05-22 23:35:36'),(79,188,'2018-05-22 23:35:36','2018-05-22 23:35:36'),(91,188,'2018-05-22 23:35:36','2018-05-22 23:35:36'),(94,188,'2018-05-22 23:35:36','2018-05-22 23:35:36'),(98,188,'2018-05-22 23:35:36','2018-05-22 23:35:36'),(99,188,'2018-05-22 23:35:36','2018-05-22 23:35:36'),(113,188,'2018-05-22 23:35:36','2018-05-22 23:35:36'),(117,188,'2018-05-22 23:35:36','2018-05-22 23:35:36'),(129,188,'2018-05-22 23:35:36','2018-05-22 23:35:36'),(130,188,'2018-05-22 23:35:36','2018-05-22 23:35:36'),(133,188,'2018-05-22 23:35:36','2018-05-22 23:35:36'),(135,188,'2018-05-22 23:35:36','2018-05-22 23:35:36'),(136,188,'2018-05-22 23:35:36','2018-05-22 23:35:36'),(138,188,'2018-05-22 23:35:36','2018-05-22 23:35:36'),(139,188,'2018-05-22 23:35:36','2018-05-22 23:35:36'),(146,188,'2018-05-22 23:35:36','2018-05-22 23:35:36'),(140,188,'2018-05-22 23:35:36','2018-05-22 23:35:36'),(141,188,'2018-05-22 23:35:36','2018-05-22 23:35:36'),(151,188,'2018-05-22 23:35:36','2018-05-22 23:35:36'),(160,188,'2018-05-22 23:35:36','2018-05-22 23:35:36'),(161,188,'2018-05-22 23:35:36','2018-05-22 23:35:36'),(162,188,'2018-05-22 23:35:36','2018-05-22 23:35:36'),(168,188,'2018-05-22 23:35:36','2018-05-22 23:35:36'),(173,188,'2018-05-22 23:35:36','2018-05-22 23:35:36'),(176,188,'2018-05-22 23:35:36','2018-05-22 23:35:36'),(163,188,'2018-05-22 23:35:36','2018-05-22 23:35:36'),(177,188,'2018-05-22 23:35:36','2018-05-22 23:35:36'),(196,188,'2018-05-22 23:35:36','2018-05-22 23:35:36'),(195,188,'2018-05-22 23:35:36','2018-05-22 23:35:36'),(198,188,'2018-05-22 23:35:36','2018-05-22 23:35:36'),(199,188,'2018-05-22 23:35:36','2018-05-22 23:35:36'),(201,188,'2018-05-22 23:35:36','2018-05-22 23:35:36'),(209,188,'2018-05-22 23:35:36','2018-05-22 23:35:36'),(210,188,'2018-05-22 23:35:36','2018-05-22 23:35:36'),(215,188,'2018-05-22 23:35:36','2018-05-22 23:35:36'),(219,188,'2018-05-22 23:35:36','2018-05-22 23:35:36'),(220,188,'2018-05-22 23:35:36','2018-05-22 23:35:36'),(222,188,'2018-05-22 23:35:36','2018-05-22 23:35:36'),(221,188,'2018-05-22 23:35:36','2018-05-22 23:35:36'),(224,188,'2018-05-22 23:35:36','2018-05-22 23:35:36'),(138,189,'2018-05-23 19:27:49','2018-05-23 19:27:49'),(1,198,'2018-06-08 18:14:36','2018-06-08 18:14:36'),(138,198,'2018-06-08 18:14:36','2018-06-08 18:14:36'),(117,204,'2018-06-17 00:00:03','2018-06-17 00:00:03'),(138,204,'2018-06-17 00:00:03','2018-06-17 00:00:03'),(160,204,'2018-06-17 00:00:03','2018-06-17 00:00:03'),(168,204,'2018-06-17 00:00:03','2018-06-17 00:00:03');
/*!40000 ALTER TABLE `pivot_brand_user` ENABLE KEYS */;
UNLOCK TABLES;

--
-- Table structure for table `pivot_hotspot_user`
--

DROP TABLE IF EXISTS `pivot_hotspot_user`;
/*!40101 SET @saved_cs_client     = @@character_set_client */;
/*!40101 SET character_set_client = utf8 */;
CREATE TABLE `pivot_hotspot_user` (
  `hotspot_id` int(10) unsigned NOT NULL,
  `user_id` int(10) unsigned NOT NULL,
  `created_at` timestamp NOT NULL DEFAULT '0000-00-00 00:00:00',
  `updated_at` timestamp NOT NULL DEFAULT '0000-00-00 00:00:00'
) ENGINE=InnoDB DEFAULT CHARSET=utf8 COLLATE=utf8_unicode_ci;
/*!40101 SET character_set_client = @saved_cs_client */;

--
-- Dumping data for table `pivot_hotspot_user`
--

LOCK TABLES `pivot_hotspot_user` WRITE;
/*!40000 ALTER TABLE `pivot_hotspot_user` DISABLE KEYS */;
INSERT INTO `pivot_hotspot_user` VALUES (3,19,'2018-02-21 14:13:20','2018-02-21 14:13:20'),(1,19,'2018-02-21 14:13:57','2018-02-21 14:13:57'),(3,107,'2018-02-23 08:54:19','2018-02-23 08:54:19'),(2,124,'2018-03-03 14:49:44','2018-03-03 14:49:44'),(2,100,'2018-03-03 15:21:20','2018-03-03 15:21:20'),(3,124,'2018-03-03 15:23:01','2018-03-03 15:23:01'),(2,107,'2018-03-05 05:24:11','2018-03-05 05:24:11'),(3,98,'2018-03-07 09:24:51','2018-03-07 09:24:51'),(3,111,'2018-03-07 10:13:44','2018-03-07 10:13:44'),(16,98,'2018-03-07 11:54:29','2018-03-07 11:54:29'),(5,107,'2018-03-08 07:47:30','2018-03-08 07:47:30'),(16,107,'2018-03-08 07:47:30','2018-03-08 07:47:30'),(15,107,'2018-03-08 07:47:30','2018-03-08 07:47:30'),(6,107,'2018-03-08 07:47:30','2018-03-08 07:47:30'),(7,107,'2018-03-08 07:47:30','2018-03-08 07:47:30'),(8,107,'2018-03-08 07:47:30','2018-03-08 07:47:30'),(9,107,'2018-03-08 07:47:30','2018-03-08 07:47:30'),(10,107,'2018-03-08 07:47:30','2018-03-08 07:47:30'),(11,107,'2018-03-08 07:47:30','2018-03-08 07:47:30'),(12,107,'2018-03-08 07:47:30','2018-03-08 07:47:30'),(13,107,'2018-03-08 07:47:30','2018-03-08 07:47:30'),(14,107,'2018-03-08 07:47:30','2018-03-08 07:47:30'),(4,107,'2018-03-08 07:47:30','2018-03-08 07:47:30'),(5,132,'2018-03-12 07:27:38','2018-03-12 07:27:38'),(16,132,'2018-03-12 07:27:38','2018-03-12 07:27:38'),(15,132,'2018-03-12 07:27:38','2018-03-12 07:27:38'),(2,132,'2018-03-12 07:27:38','2018-03-12 07:27:38'),(3,132,'2018-03-12 07:27:38','2018-03-12 07:27:38'),(6,132,'2018-03-12 07:27:38','2018-03-12 07:27:38'),(7,132,'2018-03-12 07:27:38','2018-03-12 07:27:38'),(8,132,'2018-03-12 07:27:38','2018-03-12 07:27:38'),(9,132,'2018-03-12 07:27:38','2018-03-12 07:27:38'),(10,132,'2018-03-12 07:27:38','2018-03-12 07:27:38'),(11,132,'2018-03-12 07:27:38','2018-03-12 07:27:38'),(12,132,'2018-03-12 07:27:38','2018-03-12 07:27:38'),(13,132,'2018-03-12 07:27:38','2018-03-12 07:27:38'),(14,132,'2018-03-12 07:27:38','2018-03-12 07:27:38'),(4,132,'2018-03-12 07:27:38','2018-03-12 07:27:38'),(5,144,'2018-03-21 17:22:50','2018-03-21 17:22:50'),(2,144,'2018-03-21 17:22:50','2018-03-21 17:22:50'),(3,144,'2018-03-21 17:22:50','2018-03-21 17:22:50'),(18,144,'2018-03-21 17:22:50','2018-03-21 17:22:50'),(14,144,'2018-03-21 17:22:50','2018-03-21 17:22:50'),(5,85,'2018-03-28 09:54:08','2018-03-28 09:54:08'),(16,85,'2018-03-28 09:54:08','2018-03-28 09:54:08'),(15,85,'2018-03-28 09:54:08','2018-03-28 09:54:08'),(2,85,'2018-03-28 09:54:08','2018-03-28 09:54:08'),(3,85,'2018-03-28 09:54:08','2018-03-28 09:54:08'),(18,85,'2018-03-28 09:54:08','2018-03-28 09:54:08'),(6,85,'2018-03-28 09:54:08','2018-03-28 09:54:08'),(7,85,'2018-03-28 09:54:08','2018-03-28 09:54:08'),(8,85,'2018-03-28 09:54:08','2018-03-28 09:54:08'),(9,85,'2018-03-28 09:54:08','2018-03-28 09:54:08'),(10,85,'2018-03-28 09:54:08','2018-03-28 09:54:08'),(11,85,'2018-03-28 09:54:08','2018-03-28 09:54:08'),(12,85,'2018-03-28 09:54:08','2018-03-28 09:54:08'),(13,85,'2018-03-28 09:54:08','2018-03-28 09:54:08'),(14,85,'2018-03-28 09:54:08','2018-03-28 09:54:08'),(4,85,'2018-03-28 09:54:08','2018-03-28 09:54:08'),(17,85,'2018-03-28 09:54:08','2018-03-28 09:54:08'),(16,144,'2018-04-03 14:31:20','2018-04-03 14:31:20'),(15,144,'2018-04-03 14:31:20','2018-04-03 14:31:20'),(6,144,'2018-04-03 14:31:20','2018-04-03 14:31:20'),(2,140,'2018-04-04 04:19:02','2018-04-04 04:19:02'),(3,140,'2018-04-04 04:19:02','2018-04-04 04:19:02'),(4,140,'2018-04-04 04:19:02','2018-04-04 04:19:02'),(5,141,'2018-04-04 04:21:48','2018-04-04 04:21:48'),(16,141,'2018-04-04 04:21:48','2018-04-04 04:21:48'),(15,141,'2018-04-04 04:21:48','2018-04-04 04:21:48'),(2,141,'2018-04-04 04:21:48','2018-04-04 04:21:48'),(3,141,'2018-04-04 04:21:48','2018-04-04 04:21:48'),(18,141,'2018-04-04 04:21:48','2018-04-04 04:21:48'),(6,141,'2018-04-04 04:21:48','2018-04-04 04:21:48'),(7,141,'2018-04-04 04:21:48','2018-04-04 04:21:48'),(8,141,'2018-04-04 04:21:48','2018-04-04 04:21:48'),(9,141,'2018-04-04 04:21:48','2018-04-04 04:21:48'),(10,141,'2018-04-04 04:21:48','2018-04-04 04:21:48'),(11,141,'2018-04-04 04:21:48','2018-04-04 04:21:48'),(12,141,'2018-04-04 04:21:48','2018-04-04 04:21:48'),(13,141,'2018-04-04 04:21:48','2018-04-04 04:21:48'),(14,141,'2018-04-04 04:21:48','2018-04-04 04:21:48'),(4,141,'2018-04-04 04:21:48','2018-04-04 04:21:48'),(17,141,'2018-04-04 04:21:48','2018-04-04 04:21:48'),(19,143,'2018-04-04 16:48:32','2018-04-04 16:48:32'),(20,143,'2018-04-04 16:49:40','2018-04-04 16:49:40'),(21,143,'2018-04-04 16:54:58','2018-04-04 16:54:58'),(22,143,'2018-04-04 16:55:41','2018-04-04 16:55:41'),(25,140,'2018-04-05 04:12:08','2018-04-05 04:12:08'),(27,140,'2018-04-05 10:51:27','2018-04-05 10:51:27'),(28,154,'2018-04-16 15:15:20','2018-04-16 15:15:20'),(28,182,'2018-05-15 15:50:22','2018-05-15 15:50:22'),(28,199,'2018-06-14 05:39:15','2018-06-14 05:39:15'),(28,162,'2018-06-14 05:39:23','2018-06-14 05:39:23'),(28,209,'2018-06-24 17:37:44','2018-06-24 17:37:44');
/*!40000 ALTER TABLE `pivot_hotspot_user` ENABLE KEYS */;
UNLOCK TABLES;

--
-- Table structure for table `pivot_language_user`
--

DROP TABLE IF EXISTS `pivot_language_user`;
/*!40101 SET @saved_cs_client     = @@character_set_client */;
/*!40101 SET character_set_client = utf8 */;
CREATE TABLE `pivot_language_user` (
  `language_id` int(10) unsigned NOT NULL,
  `user_id` int(10) unsigned NOT NULL,
  `created_at` timestamp NOT NULL DEFAULT '0000-00-00 00:00:00',
  `updated_at` timestamp NOT NULL DEFAULT '0000-00-00 00:00:00',
  KEY `pivot_language_user_language_id_foreign` (`language_id`),
  KEY `pivot_language_user_user_id_foreign` (`user_id`),
  CONSTRAINT `pivot_language_user_language_id_foreign` FOREIGN KEY (`language_id`) REFERENCES `language` (`id`) ON DELETE CASCADE ON UPDATE CASCADE,
  CONSTRAINT `pivot_language_user_user_id_foreign` FOREIGN KEY (`user_id`) REFERENCES `user` (`id`) ON DELETE CASCADE ON UPDATE CASCADE
) ENGINE=InnoDB DEFAULT CHARSET=utf8 COLLATE=utf8_unicode_ci;
/*!40101 SET character_set_client = @saved_cs_client */;

--
-- Dumping data for table `pivot_language_user`
--

LOCK TABLES `pivot_language_user` WRITE;
/*!40000 ALTER TABLE `pivot_language_user` DISABLE KEYS */;
INSERT INTO `pivot_language_user` VALUES (23,153,'2018-04-12 07:55:06','2018-04-12 07:55:06'),(24,153,'2018-04-12 07:55:16','2018-04-12 07:55:16'),(23,154,'2018-04-13 06:15:48','2018-04-13 06:15:48'),(24,154,'2018-04-13 06:15:48','2018-04-13 06:15:48'),(91,154,'2018-04-13 06:15:48','2018-04-13 06:15:48'),(24,156,'2018-04-14 12:19:51','2018-04-14 12:19:51'),(23,159,'2018-04-17 14:03:34','2018-04-17 14:03:34'),(24,159,'2018-04-17 14:03:34','2018-04-17 14:03:34'),(23,170,'2018-05-02 10:03:50','2018-05-02 10:03:50'),(24,170,'2018-05-02 10:03:50','2018-05-02 10:03:50'),(23,172,'2018-05-03 18:53:36','2018-05-03 18:53:36'),(24,172,'2018-05-03 18:53:36','2018-05-03 18:53:36'),(23,174,'2018-05-07 15:45:35','2018-05-07 15:45:35'),(24,174,'2018-05-07 15:45:35','2018-05-07 15:45:35'),(29,174,'2018-05-07 15:45:35','2018-05-07 15:45:35'),(24,169,'2018-05-09 00:25:19','2018-05-09 00:25:19'),(91,169,'2018-05-09 00:25:47','2018-05-09 00:25:47'),(111,177,'2018-05-09 03:01:34','2018-05-09 03:01:34'),(24,177,'2018-05-09 03:01:34','2018-05-09 03:01:34'),(38,177,'2018-05-09 03:01:34','2018-05-09 03:01:34'),(23,182,'2018-05-15 15:51:00','2018-05-15 15:51:00'),(24,188,'2018-05-22 23:34:56','2018-05-22 23:34:56'),(91,188,'2018-05-22 23:34:56','2018-05-22 23:34:56'),(24,187,'2018-05-23 05:05:47','2018-05-23 05:05:47'),(91,187,'2018-05-23 05:05:47','2018-05-23 05:05:47'),(24,189,'2018-05-23 19:23:42','2018-05-23 19:23:42'),(28,189,'2018-05-23 19:23:42','2018-05-23 19:23:42'),(23,198,'2018-06-08 18:13:14','2018-06-08 18:13:14'),(24,198,'2018-06-08 18:13:14','2018-06-08 18:13:14'),(91,198,'2018-06-08 18:13:14','2018-06-08 18:13:14'),(24,204,'2018-06-16 23:50:36','2018-06-16 23:50:36'),(80,204,'2018-06-16 23:50:36','2018-06-16 23:50:36'),(91,204,'2018-06-16 23:50:36','2018-06-16 23:50:36'),(84,209,'2018-06-24 17:36:26','2018-06-24 17:36:26'),(24,213,'2018-06-27 15:11:30','2018-06-27 15:11:30'),(80,213,'2018-06-27 15:11:30','2018-06-27 15:11:30'),(24,219,'2018-07-01 02:55:42','2018-07-01 02:55:42');
/*!40000 ALTER TABLE `pivot_language_user` ENABLE KEYS */;
UNLOCK TABLES;

--
-- Table structure for table `pivot_sport_user`
--

DROP TABLE IF EXISTS `pivot_sport_user`;
/*!40101 SET @saved_cs_client     = @@character_set_client */;
/*!40101 SET character_set_client = utf8 */;
CREATE TABLE `pivot_sport_user` (
  `sport_id` int(10) unsigned NOT NULL,
  `user_id` int(10) unsigned NOT NULL,
  `created_at` timestamp NOT NULL DEFAULT '0000-00-00 00:00:00',
  `updated_at` timestamp NOT NULL DEFAULT '0000-00-00 00:00:00',
  KEY `pivot_sport_user_sport_id_foreign` (`sport_id`),
  KEY `pivot_sport_user_user_id_foreign` (`user_id`),
  CONSTRAINT `pivot_sport_user_sport_id_foreign` FOREIGN KEY (`sport_id`) REFERENCES `sport` (`id`) ON DELETE CASCADE ON UPDATE CASCADE,
  CONSTRAINT `pivot_sport_user_user_id_foreign` FOREIGN KEY (`user_id`) REFERENCES `user` (`id`) ON DELETE CASCADE ON UPDATE CASCADE
) ENGINE=InnoDB DEFAULT CHARSET=utf8 COLLATE=utf8_unicode_ci;
/*!40101 SET character_set_client = @saved_cs_client */;

--
-- Dumping data for table `pivot_sport_user`
--

LOCK TABLES `pivot_sport_user` WRITE;
/*!40000 ALTER TABLE `pivot_sport_user` DISABLE KEYS */;
INSERT INTO `pivot_sport_user` VALUES (134,153,'2018-04-12 07:54:31','2018-04-12 07:54:31'),(135,153,'2018-04-12 07:54:31','2018-04-12 07:54:31'),(136,153,'2018-04-12 07:54:31','2018-04-12 07:54:31'),(137,153,'2018-04-12 07:54:31','2018-04-12 07:54:31'),(197,153,'2018-04-12 08:04:23','2018-04-12 08:04:23'),(135,154,'2018-04-13 06:15:08','2018-04-13 06:15:08'),(137,154,'2018-04-13 06:15:08','2018-04-13 06:15:08'),(197,156,'2018-04-14 12:18:54','2018-04-14 12:18:54'),(198,154,'2018-04-14 17:34:19','2018-04-14 17:34:19'),(134,158,'2018-04-15 22:32:05','2018-04-15 22:32:05'),(135,159,'2018-04-17 14:03:07','2018-04-17 14:03:07'),(198,159,'2018-04-17 14:03:07','2018-04-17 14:03:07'),(197,160,'2018-04-17 18:56:39','2018-04-17 18:56:39'),(199,160,'2018-04-17 18:56:39','2018-04-17 18:56:39'),(200,160,'2018-04-17 18:57:04','2018-04-17 18:57:04'),(134,163,'2018-04-20 18:53:26','2018-04-20 18:53:26'),(198,163,'2018-04-20 18:53:26','2018-04-20 18:53:26'),(198,164,'2018-04-21 23:20:27','2018-04-21 23:20:27'),(198,170,'2018-05-02 10:03:05','2018-05-02 10:03:05'),(198,153,'2018-05-03 08:41:32','2018-05-03 08:41:32'),(200,153,'2018-05-03 08:41:45','2018-05-03 08:41:45'),(199,153,'2018-05-03 08:41:45','2018-05-03 08:41:45'),(135,173,'2018-05-03 16:35:40','2018-05-03 16:35:40'),(198,173,'2018-05-03 16:35:40','2018-05-03 16:35:40'),(201,173,'2018-05-03 16:36:58','2018-05-03 16:36:58'),(135,172,'2018-05-03 18:57:54','2018-05-03 18:57:54'),(198,172,'2018-05-03 18:57:54','2018-05-03 18:57:54'),(135,174,'2018-05-07 15:45:06','2018-05-07 15:45:06'),(201,174,'2018-05-07 15:45:06','2018-05-07 15:45:06'),(198,174,'2018-05-07 15:45:06','2018-05-07 15:45:06'),(197,174,'2018-05-07 15:45:06','2018-05-07 15:45:06'),(198,176,'2018-05-07 23:27:24','2018-05-07 23:27:24'),(202,169,'2018-05-09 00:25:06','2018-05-09 00:25:06'),(197,177,'2018-05-09 03:02:05','2018-05-09 03:02:05'),(198,179,'2018-05-09 17:19:11','2018-05-09 17:19:11'),(200,180,'2018-05-09 19:06:07','2018-05-09 19:06:07'),(201,180,'2018-05-09 19:06:07','2018-05-09 19:06:07'),(202,180,'2018-05-09 19:06:07','2018-05-09 19:06:07'),(136,180,'2018-05-09 19:06:07','2018-05-09 19:06:07'),(198,180,'2018-05-09 19:06:07','2018-05-09 19:06:07'),(137,180,'2018-05-09 19:06:07','2018-05-09 19:06:07'),(199,180,'2018-05-09 19:06:07','2018-05-09 19:06:07'),(136,181,'2018-05-14 19:04:29','2018-05-14 19:04:29'),(135,182,'2018-05-15 15:50:09','2018-05-15 15:50:09'),(198,182,'2018-05-15 15:50:09','2018-05-15 15:50:09'),(198,183,'2018-05-15 16:59:34','2018-05-15 16:59:34'),(134,188,'2018-05-22 23:36:04','2018-05-22 23:36:04'),(200,188,'2018-05-22 23:36:04','2018-05-22 23:36:04'),(135,188,'2018-05-22 23:36:04','2018-05-22 23:36:04'),(202,188,'2018-05-22 23:36:04','2018-05-22 23:36:04'),(198,188,'2018-05-22 23:36:04','2018-05-22 23:36:04'),(199,188,'2018-05-22 23:36:04','2018-05-22 23:36:04'),(137,187,'2018-05-23 05:05:16','2018-05-23 05:05:16'),(199,187,'2018-05-23 05:05:16','2018-05-23 05:05:16'),(197,187,'2018-05-23 05:05:16','2018-05-23 05:05:16'),(135,189,'2018-05-23 19:25:01','2018-05-23 19:25:01'),(137,189,'2018-05-23 19:25:01','2018-05-23 19:25:01'),(199,189,'2018-05-23 19:25:01','2018-05-23 19:25:01'),(197,189,'2018-05-23 19:25:01','2018-05-23 19:25:01'),(198,189,'2018-05-23 19:25:17','2018-05-23 19:25:17'),(198,190,'2018-05-25 17:26:08','2018-05-25 17:26:08'),(198,198,'2018-06-08 18:09:37','2018-06-08 18:09:37'),(137,198,'2018-06-08 18:09:37','2018-06-08 18:09:37'),(134,200,'2018-06-11 06:17:56','2018-06-11 06:17:56'),(201,189,'2018-06-11 21:07:24','2018-06-11 21:07:24'),(134,162,'2018-06-14 03:32:32','2018-06-14 03:32:32'),(200,162,'2018-06-14 03:32:41','2018-06-14 03:32:41'),(135,162,'2018-06-14 03:32:41','2018-06-14 03:32:41'),(201,162,'2018-06-14 03:32:41','2018-06-14 03:32:41'),(202,162,'2018-06-14 03:32:41','2018-06-14 03:32:41'),(136,162,'2018-06-14 03:32:41','2018-06-14 03:32:41'),(198,162,'2018-06-14 03:32:41','2018-06-14 03:32:41'),(137,162,'2018-06-14 03:32:41','2018-06-14 03:32:41'),(199,162,'2018-06-14 03:32:41','2018-06-14 03:32:41'),(197,162,'2018-06-14 03:32:41','2018-06-14 03:32:41'),(134,199,'2018-06-14 03:35:03','2018-06-14 03:35:03'),(200,199,'2018-06-14 03:35:03','2018-06-14 03:35:03'),(135,199,'2018-06-14 03:35:03','2018-06-14 03:35:03'),(201,199,'2018-06-14 03:35:03','2018-06-14 03:35:03'),(202,199,'2018-06-14 03:35:03','2018-06-14 03:35:03'),(136,199,'2018-06-14 03:35:03','2018-06-14 03:35:03'),(198,199,'2018-06-14 03:35:03','2018-06-14 03:35:03'),(137,199,'2018-06-14 03:35:03','2018-06-14 03:35:03'),(199,199,'2018-06-14 03:35:03','2018-06-14 03:35:03'),(197,199,'2018-06-14 03:35:03','2018-06-14 03:35:03'),(137,204,'2018-06-16 23:59:05','2018-06-16 23:59:05'),(202,206,'2018-06-19 01:25:50','2018-06-19 01:25:50'),(198,206,'2018-06-19 01:25:50','2018-06-19 01:25:50'),(137,206,'2018-06-19 01:25:50','2018-06-19 01:25:50'),(197,206,'2018-06-19 01:25:50','2018-06-19 01:25:50'),(198,207,'2018-06-21 18:46:11','2018-06-21 18:46:11'),(197,208,'2018-06-21 21:48:37','2018-06-21 21:48:37'),(134,208,'2018-06-21 21:51:00','2018-06-21 21:51:00'),(203,208,'2018-06-21 21:51:00','2018-06-21 21:51:00'),(204,209,'2018-06-24 17:35:43','2018-06-24 17:35:43'),(134,209,'2018-06-24 17:37:27','2018-06-24 17:37:27'),(135,209,'2018-06-24 17:37:27','2018-06-24 17:37:27'),(201,209,'2018-06-24 17:37:56','2018-06-24 17:37:56'),(202,209,'2018-06-24 17:37:56','2018-06-24 17:37:56'),(136,209,'2018-06-24 17:37:56','2018-06-24 17:37:56'),(198,209,'2018-06-24 17:37:56','2018-06-24 17:37:56'),(137,209,'2018-06-24 17:37:56','2018-06-24 17:37:56'),(203,209,'2018-06-24 17:37:56','2018-06-24 17:37:56'),(197,209,'2018-06-24 17:37:56','2018-06-24 17:37:56'),(200,209,'2018-06-24 17:37:56','2018-06-24 17:37:56'),(199,209,'2018-06-24 17:37:56','2018-06-24 17:37:56'),(198,212,'2018-06-26 22:22:07','2018-06-26 22:22:07'),(202,213,'2018-06-27 15:10:21','2018-06-27 15:10:21'),(136,213,'2018-06-27 15:10:21','2018-06-27 15:10:21'),(137,213,'2018-06-27 15:10:21','2018-06-27 15:10:21'),(199,213,'2018-06-27 15:10:22','2018-06-27 15:10:22'),(198,215,'2018-06-28 17:31:45','2018-06-28 17:31:45'),(198,216,'2018-06-28 22:28:09','2018-06-28 22:28:09'),(134,219,'2018-07-01 02:54:44','2018-07-01 02:54:44'),(198,220,'2018-07-05 11:48:52','2018-07-05 11:48:52');
/*!40000 ALTER TABLE `pivot_sport_user` ENABLE KEYS */;
UNLOCK TABLES;

--
-- Table structure for table `sport`
--

DROP TABLE IF EXISTS `sport`;
/*!40101 SET @saved_cs_client     = @@character_set_client */;
/*!40101 SET character_set_client = utf8 */;
CREATE TABLE `sport` (
  `id` int(10) unsigned NOT NULL AUTO_INCREMENT,
  `name` varchar(255) COLLATE utf8_unicode_ci NOT NULL,
  `created_at` timestamp NOT NULL DEFAULT '0000-00-00 00:00:00',
  `updated_at` timestamp NOT NULL DEFAULT '0000-00-00 00:00:00',
  PRIMARY KEY (`id`)
) ENGINE=InnoDB AUTO_INCREMENT=205 DEFAULT CHARSET=utf8 COLLATE=utf8_unicode_ci;
/*!40101 SET character_set_client = @saved_cs_client */;

--
-- Dumping data for table `sport`
--

LOCK TABLES `sport` WRITE;
/*!40000 ALTER TABLE `sport` DISABLE KEYS */;
INSERT INTO `sport` VALUES (134,'Basketball','2017-12-27 09:18:58','2017-12-27 09:18:58'),(135,'Football','2017-12-27 09:18:58','2017-12-27 09:18:58'),(136,'Skateboarding','2017-12-27 09:18:58','2017-12-27 09:18:58'),(137,'Street workout','2017-12-27 09:18:58','2017-12-27 09:18:58'),(197,'Yoga','2018-04-12 08:04:22','2018-04-12 08:04:22'),(198,'Street soccer','2018-04-14 17:34:18','2018-04-14 17:34:18'),(199,'swimming','2018-04-17 18:56:38','2018-04-17 18:56:38'),(200,'biking','2018-04-17 18:57:03','2018-04-17 18:57:03'),(201,'Kickboxing','2018-05-03 16:36:57','2018-05-03 16:36:57'),(202,'Running','2018-05-09 00:21:01','2018-05-09 00:21:01'),(203,'Volleyball','2018-06-21 21:50:59','2018-06-21 21:50:59'),(204,'Airsoft','2018-06-24 17:35:42','2018-06-24 17:35:42');
/*!40000 ALTER TABLE `sport` ENABLE KEYS */;
UNLOCK TABLES;

--
-- Table structure for table `sport_contact`
--

DROP TABLE IF EXISTS `sport_contact`;
/*!40101 SET @saved_cs_client     = @@character_set_client */;
/*!40101 SET character_set_client = utf8 */;
CREATE TABLE `sport_contact` (
  `id` int(10) unsigned NOT NULL AUTO_INCREMENT,
  `self_id` int(10) unsigned NOT NULL,
  `sport_contact_id` int(10) unsigned NOT NULL,
  `created_at` timestamp NOT NULL DEFAULT '0000-00-00 00:00:00',
  `updated_at` timestamp NOT NULL DEFAULT '0000-00-00 00:00:00',
  `deleted_at` timestamp NULL DEFAULT NULL,
  PRIMARY KEY (`id`),
  KEY `sport_contact_self_id_foreign` (`self_id`),
  KEY `sport_contact_sport_contact_id_foreign` (`sport_contact_id`),
  CONSTRAINT `sport_contact_self_id_foreign` FOREIGN KEY (`self_id`) REFERENCES `user` (`id`) ON DELETE CASCADE ON UPDATE CASCADE,
  CONSTRAINT `sport_contact_sport_contact_id_foreign` FOREIGN KEY (`sport_contact_id`) REFERENCES `user` (`id`) ON DELETE CASCADE ON UPDATE CASCADE
) ENGINE=InnoDB AUTO_INCREMENT=113 DEFAULT CHARSET=utf8 COLLATE=utf8_unicode_ci;
/*!40101 SET character_set_client = @saved_cs_client */;

--
-- Dumping data for table `sport_contact`
--

LOCK TABLES `sport_contact` WRITE;
/*!40000 ALTER TABLE `sport_contact` DISABLE KEYS */;
INSERT INTO `sport_contact` VALUES (91,153,154,'2018-04-13 06:58:08','2018-04-13 06:58:08',NULL),(92,153,155,'2018-04-13 15:44:28','2018-04-13 15:44:28',NULL),(93,157,154,'2018-04-14 17:38:40','2018-04-14 17:38:40',NULL),(94,153,157,'2018-04-14 17:47:59','2018-04-14 17:47:59',NULL),(95,153,159,'2018-04-17 14:02:46','2018-04-17 14:02:46',NULL),(96,154,165,'2018-04-26 23:03:50','2018-04-26 23:03:50',NULL),(97,153,170,'2018-05-01 18:10:31','2018-05-01 18:10:31',NULL),(98,153,160,'2018-05-03 08:41:12','2018-05-03 08:41:12',NULL),(99,170,173,'2018-05-03 17:00:36','2018-05-03 17:00:36',NULL),(100,172,154,'2018-05-03 18:52:59','2018-05-03 18:52:59',NULL),(101,174,153,'2018-05-07 15:46:29','2018-05-07 15:46:29',NULL),(102,153,172,'2018-05-09 12:53:37','2018-05-09 12:53:37',NULL),(103,153,179,'2018-05-09 17:41:14','2018-05-09 17:41:14',NULL),(104,183,153,'2018-05-15 16:59:45','2018-05-15 16:59:45',NULL),(105,178,153,'2018-05-20 18:47:38','2018-05-20 18:47:38',NULL),(106,154,189,'2018-05-23 19:27:20','2018-05-23 19:27:20',NULL),(107,153,189,'2018-05-23 20:01:36','2018-05-23 20:01:36',NULL),(108,154,198,'2018-06-08 20:15:01','2018-06-08 20:15:01',NULL),(109,153,198,'2018-06-09 18:51:57','2018-06-09 18:51:57',NULL),(110,162,201,'2018-06-14 03:38:08','2018-06-14 03:38:08',NULL),(111,162,199,'2018-06-15 05:33:13','2018-06-15 05:33:13',NULL),(112,154,179,'2018-06-21 19:53:05','2018-06-21 19:53:05',NULL);
/*!40000 ALTER TABLE `sport_contact` ENABLE KEYS */;
UNLOCK TABLES;

--
-- Table structure for table `sport_contact_request`
--

DROP TABLE IF EXISTS `sport_contact_request`;
/*!40101 SET @saved_cs_client     = @@character_set_client */;
/*!40101 SET character_set_client = utf8 */;
CREATE TABLE `sport_contact_request` (
  `id` int(10) unsigned NOT NULL AUTO_INCREMENT,
  `from` int(10) unsigned NOT NULL,
  `to` int(10) unsigned NOT NULL,
  `status` varchar(255) COLLATE utf8_unicode_ci NOT NULL,
  `deleted_at` timestamp NULL DEFAULT NULL,
  `created_at` timestamp NOT NULL DEFAULT '0000-00-00 00:00:00',
  `updated_at` timestamp NOT NULL DEFAULT '0000-00-00 00:00:00',
  PRIMARY KEY (`id`),
  KEY `sport_contact_request_from_foreign` (`from`),
  KEY `sport_contact_request_to_foreign` (`to`),
  CONSTRAINT `sport_contact_request_from_foreign` FOREIGN KEY (`from`) REFERENCES `user` (`id`) ON DELETE CASCADE ON UPDATE CASCADE,
  CONSTRAINT `sport_contact_request_to_foreign` FOREIGN KEY (`to`) REFERENCES `user` (`id`) ON DELETE CASCADE ON UPDATE CASCADE
) ENGINE=InnoDB AUTO_INCREMENT=144 DEFAULT CHARSET=utf8 COLLATE=utf8_unicode_ci;
/*!40101 SET character_set_client = @saved_cs_client */;

--
-- Dumping data for table `sport_contact_request`
--

LOCK TABLES `sport_contact_request` WRITE;
/*!40000 ALTER TABLE `sport_contact_request` DISABLE KEYS */;
INSERT INTO `sport_contact_request` VALUES (115,154,153,'accepted',NULL,'2018-04-13 06:19:13','2018-04-13 06:58:08'),(116,155,153,'accepted',NULL,'2018-04-13 15:44:03','2018-04-13 15:44:28'),(117,154,157,'accepted',NULL,'2018-04-14 17:38:09','2018-04-14 17:38:40'),(118,157,153,'accepted',NULL,'2018-04-14 17:38:56','2018-04-14 17:47:59'),(119,159,153,'accepted',NULL,'2018-04-17 14:01:57','2018-04-17 14:02:46'),(120,165,154,'accepted',NULL,'2018-04-26 20:09:51','2018-04-26 23:03:50'),(121,153,167,'pending',NULL,'2018-05-01 14:24:49','2018-05-01 14:24:49'),(122,170,153,'accepted',NULL,'2018-05-01 17:46:55','2018-05-01 18:10:31'),(123,160,153,'accepted',NULL,'2018-05-03 08:40:15','2018-05-03 08:41:12'),(124,173,170,'accepted',NULL,'2018-05-03 16:42:13','2018-05-03 17:00:36'),(125,154,172,'accepted',NULL,'2018-05-03 18:50:57','2018-05-03 18:52:59'),(126,153,174,'accepted',NULL,'2018-05-07 15:38:06','2018-05-07 15:46:29'),(127,172,153,'accepted',NULL,'2018-05-09 12:50:13','2018-05-09 12:53:37'),(128,179,153,'accepted',NULL,'2018-05-09 17:19:34','2018-05-09 17:41:14'),(129,153,183,'accepted',NULL,'2018-05-15 16:39:50','2018-05-15 16:59:45'),(130,153,182,'pending',NULL,'2018-05-18 15:55:19','2018-05-18 15:55:19'),(131,153,178,'accepted',NULL,'2018-05-20 18:20:00','2018-05-20 18:47:38'),(132,189,154,'accepted',NULL,'2018-05-23 19:26:40','2018-05-23 19:27:20'),(133,189,153,'accepted',NULL,'2018-05-23 19:27:04','2018-05-23 20:01:36'),(134,153,173,'pending',NULL,'2018-06-07 08:14:35','2018-06-07 08:14:35'),(135,198,154,'accepted',NULL,'2018-06-08 18:16:14','2018-06-08 20:15:01'),(136,198,157,'pending',NULL,'2018-06-08 18:18:21','2018-06-08 18:18:25'),(137,198,153,'accepted',NULL,'2018-06-08 18:18:38','2018-06-09 18:51:57'),(138,201,162,'accepted',NULL,'2018-06-14 03:37:24','2018-06-14 03:38:08'),(139,199,201,'pending',NULL,'2018-06-15 05:32:40','2018-06-15 05:32:40'),(140,199,162,'accepted',NULL,'2018-06-15 05:32:51','2018-06-15 05:33:13'),(141,179,154,'accepted',NULL,'2018-06-21 19:52:34','2018-06-21 19:53:05'),(142,214,198,'pending',NULL,'2018-06-28 02:23:40','2018-06-28 02:23:40'),(143,214,202,'pending',NULL,'2018-06-28 02:24:33','2018-06-28 02:24:33');
/*!40000 ALTER TABLE `sport_contact_request` ENABLE KEYS */;
UNLOCK TABLES;

--
-- Table structure for table `user`
--

DROP TABLE IF EXISTS `user`;
/*!40101 SET @saved_cs_client     = @@character_set_client */;
/*!40101 SET character_set_client = utf8 */;
CREATE TABLE `user` (
  `id` int(10) unsigned NOT NULL AUTO_INCREMENT,
  `first_name` varchar(255) COLLATE utf8_unicode_ci NOT NULL,
  `last_name` varchar(255) COLLATE utf8_unicode_ci NOT NULL,
  `birthday` date NOT NULL,
  `email` varchar(255) COLLATE utf8_unicode_ci NOT NULL,
  `password` varchar(60) COLLATE utf8_unicode_ci NOT NULL,
  `username` varchar(255) COLLATE utf8_unicode_ci DEFAULT NULL,
  `shirtname` varchar(255) COLLATE utf8_unicode_ci DEFAULT NULL,
  `gender` varchar(255) COLLATE utf8_unicode_ci DEFAULT NULL,
  `about_me` text COLLATE utf8_unicode_ci,
  `sportquote` varchar(255) COLLATE utf8_unicode_ci DEFAULT NULL,
  `cover_photo` varchar(255) COLLATE utf8_unicode_ci DEFAULT NULL,
  `profile_photo` varchar(255) COLLATE utf8_unicode_ci DEFAULT NULL,
  `birth_country` varchar(255) COLLATE utf8_unicode_ci DEFAULT NULL,
  `current_country` varchar(255) COLLATE utf8_unicode_ci DEFAULT NULL,
  `current_country_code` varchar(255) COLLATE utf8_unicode_ci DEFAULT NULL,
  `current_city` varchar(255) COLLATE utf8_unicode_ci DEFAULT NULL,
  `nationality_id` int(10) unsigned DEFAULT NULL,
  `current_latitude` double DEFAULT NULL,
  `current_longitude` double DEFAULT NULL,
  `instagram_token` varchar(255) COLLATE utf8_unicode_ci DEFAULT NULL,
  `twitter_token` varchar(255) COLLATE utf8_unicode_ci DEFAULT NULL,
  `facebook_token` varchar(255) COLLATE utf8_unicode_ci DEFAULT NULL,
  `google_token` varchar(255) COLLATE utf8_unicode_ci DEFAULT NULL,
  `twitter_id` varchar(255) COLLATE utf8_unicode_ci DEFAULT NULL,
  `google_id` varchar(255) COLLATE utf8_unicode_ci DEFAULT NULL,
  `facebook_id` varchar(255) COLLATE utf8_unicode_ci DEFAULT NULL,
  `left` double DEFAULT NULL,
  `top` double DEFAULT NULL,
  `zoom` double DEFAULT NULL,
  `created_at` timestamp NOT NULL DEFAULT '0000-00-00 00:00:00',
  `updated_at` timestamp NOT NULL DEFAULT '0000-00-00 00:00:00',
  `deleted_at` timestamp NULL DEFAULT NULL,
  PRIMARY KEY (`id`),
  UNIQUE KEY `user_email_unique` (`email`),
  UNIQUE KEY `user_username_unique` (`username`),
  KEY `user_nationality_id_foreign` (`nationality_id`),
  FULLTEXT KEY `search_user` (`first_name`,`last_name`,`shirtname`,`current_city`,`current_country`),
  CONSTRAINT `user_nationality_id_foreign` FOREIGN KEY (`nationality_id`) REFERENCES `nationality` (`id`) ON DELETE CASCADE ON UPDATE CASCADE
) ENGINE=InnoDB AUTO_INCREMENT=222 DEFAULT CHARSET=utf8 COLLATE=utf8_unicode_ci;
/*!40101 SET character_set_client = @saved_cs_client */;

--
-- Dumping data for table `user`
--

LOCK TABLES `user` WRITE;
/*!40000 ALTER TABLE `user` DISABLE KEYS */;
INSERT INTO `user` VALUES (151,'Ap','Developent','1994-02-14','deleted-151-apdevboost@gmail.com','$2y$10$YAJHGCGldNIJuNkX18TxV.kWT9gGxrvy1OEXTU3eURrH/SATAyZGS',NULL,NULL,'male',NULL,NULL,NULL,NULL,NULL,'','','',NULL,0,0,NULL,NULL,'EAAKZCTFvaMfcBACRaKq5dC4WB2tRgJPMLaKxpSG9J2TAknj3TkDnCnjpD047oYVnb6pdjdXqFt5774MhSZBI4TbsZAJiQF7inZBBhwGHS8tMnV3zXJTXDiQCrBjNkSZBZCKsqdCsCbtCEkwxYKHqiok0fRaZAv7vZAtHOtnvGam9M6GMSSpSzXosPoRaAqP3HrZC1TgeiCgBhD3EIf5KzfD9zu8wTCiS544oZD',NULL,NULL,NULL,'158701864913137',NULL,NULL,NULL,'2018-04-12 07:21:20','2018-04-20 10:46:41','2018-04-20 10:46:41'),(152,'Aran','Aran','1996-01-01','Aran@gmail.com','$2y$10$NpXp/D9cmLFcJziGGieiGu0ZVcL.B1RZ6IujJ.lwJWBoLPxvaLztK',NULL,NULL,NULL,NULL,NULL,NULL,NULL,NULL,NULL,NULL,NULL,NULL,NULL,NULL,NULL,NULL,NULL,NULL,NULL,NULL,NULL,NULL,NULL,NULL,'2018-04-12 07:22:38','2018-04-12 07:22:38',NULL),(153,'Tarik','Zagmouti','1994-09-22','zagmouti_tarik@live.nl','$2y$10$qbei1G8vhPbgARohvRTJFetWG8Rns21CRu6ugUcR7t3z1A3f8rpJK',NULL,NULL,'male','I can join a sport activity on thursday and saturdays!','Express, grow and expand!',NULL,NULL,NULL,'Netherlands','NL','Amsterdam',54,52.3777,4.9001,NULL,NULL,'EAAKZCTFvaMfcBAAmNALUuGcry3iriNKndE2vfSvjDffqIi0d1Bh8f32Fp9wqK8sDG5oO0we3pgfpYZBj3wDYMbG5Nl9ar2ivhQd4xBEe44mHL7Anf8oOLA6zSZBVBu5Dtn16SzBMivfEeZBJs1QobyI0hPQw9bI47cYdr4QEL7OnN1OKJJ1PvMPDJAz9q3a1V1OJ4G4GwkR9MquGZB1fU8ddTdmXWIt4ZD',NULL,NULL,NULL,'1687487051341256',0,0,0,'2018-04-12 07:48:28','2018-06-14 07:47:25',NULL),(154,'Francisco','Lujano Benavides','1988-08-31','f.l.benavides@hotmail.com','$2y$10$h1ZkmwpUAgsmvaPZLlqtyO.JANqGhU0J3etcFiZe7lMxEeXX4Otre',NULL,'Pancho','male','I am free on weekends and evenings!','Create your moment',NULL,NULL,NULL,'Netherlands','NL','Amsterdam',119,52.3777,4.9001,NULL,NULL,'EAAKZCTFvaMfcBACr94IkZBD3ucPCFJQb9o8uZBXQYoFozWoTZCEaBsL0FG1RGBo69h8QOM2H8leibBHTEA5Wu7J10ShvQZAUpEpyM8ZBZCO1PPOyvtMWmaJENFqPTvBOmDpEHjXWVRPRusGs7MFkSspD3v0CIE4JDpbDGm3ZCAlHlYSVYZCayZAm1GPyGqX52lRYGTZBieBXT1Vtkt8S06QBnkLbP8RKtlHsZBgZD',NULL,NULL,NULL,'1305261886286244',0,74.311004638672,1,'2018-04-13 06:14:01','2018-06-16 08:21:30',NULL),(155,'Koen','Peters','1989-05-05','koen_peters86@hotmail.com','$2y$10$n/UjKFpp76swZuwqZv3qqOR970WzhYu7cmvt7rrMSIyAPEqZeFZpK',NULL,NULL,'male',NULL,NULL,NULL,NULL,NULL,'','','',NULL,0,0,NULL,NULL,'EAAKZCTFvaMfcBAO19at90ZBRLvLyf8h3y3Kz78iXjUIBiKPZCgI9WDvovkMliAJFohmvATfIbIBzNIRgeRONsQEQdcLm44xk8EjZA7pXWrnyOZAZC5xbWUQBEbdZCFl8YBUOEUUTZB23P9rSm2gKIGPSlDfWcOxg3ELEFzpbWT6aFKHFbS1WhKBVLClGL4nKQql9eDReDmlpcRH3bF98OcAGNH17DlvsoCzKLkRTZBJhGhAZDZD',NULL,NULL,NULL,'620887774970257',0,0,1,'2018-04-13 15:43:36','2018-04-13 15:44:40',NULL),(156,'Laura','Llama','1987-06-16','laura.griva@gmail.com','$2y$10$ta9WMMfZWUBkv6t14A0Ehuij2SApk/ghOPTT7aXfelyfwrE.28QkG',NULL,NULL,NULL,NULL,NULL,NULL,NULL,NULL,NULL,NULL,NULL,NULL,NULL,NULL,NULL,NULL,NULL,NULL,NULL,NULL,NULL,0,0,0,'2018-04-14 12:18:12','2018-04-14 12:18:34',NULL),(157,'Ramon','Benavides','1991-11-15','r.lujano.benavides@gmail.com','$2y$10$aCv4BjRA8N7f.3KBiPF0x.wWNT3pk8r6QR7ekT6skQyeVmfs/5Q3.',NULL,NULL,'male',NULL,NULL,NULL,NULL,NULL,'Netherlands','NL','Amsterdam',NULL,52.3777,4.9001,NULL,NULL,'EAAKZCTFvaMfcBAA8XDBMSarQF2RqINuSoVikL4CR2ZCmD8sScZCjbZBWMdow9lM7gCugpD6uY9XJMcPqNefyYZBi8mzSyQKbJP7stW282kgqu1GLhh47oEdWogMEvd704nNrZCRaaheeqZBYLouNhZAFmv0jYsOhcUWEIyVImyqfjvV2q3J4sLOcV438DEcfoPEuITpEa6k4yQULGoXKcFX8',NULL,NULL,NULL,'2031822356845105',0,0,0,'2018-04-14 17:36:37','2018-04-14 17:37:21',NULL),(158,'Rafael','Fontes','1987-12-19','goncalvesfontes@gmail.com','$2y$10$MHgowfFm1DjYusijeO7wjud9J2tgDFrDaWoKoimp4GfHGxw1aCF.i',NULL,NULL,'male',NULL,NULL,NULL,NULL,NULL,'','','',NULL,0,0,NULL,NULL,'EAAKZCTFvaMfcBABVudTMQAI7Ir3hniZBWpZAiUi8vNS1yZCOm2SXuOMZAcI9QWYPQFiRwOZAmN9dAXtt0EAv4PAuCRRZBqq5tljcEQO6NmgHpoWWZBBv8tVZAdSuSxLRZBUJqeKY34UYQkcZBKlAufPCZBLtWj1IhinMhZCtkfokD6D48gplybjErIgPzZA5SRPhLZBMlYw778iPj9tcv5bqaP8o5ZCD',NULL,NULL,NULL,'192171878246490',0,0,0,'2018-04-15 22:31:23','2018-04-15 22:32:05',NULL),(159,'Marciano','Fleminks','1994-12-15','jano947@msn.com','$2y$10$H1Fi.TULYrLtnqDsq2kxHeHW3ne9w8EglABq8bDT88MEwMdyj1rxi',NULL,NULL,'male',NULL,NULL,NULL,NULL,NULL,'Netherlands','NL','Amsterdam',NULL,52.3777,4.9001,NULL,NULL,'EAAKZCTFvaMfcBAHYX1YrkY82BO5Vi3KWTHnxAn7JN0AxZCdV5lMHKYy4QEUyhV7R7rEFhbJ2fkOvDKoGteWAMNqumdcNSDAEhYFVQ9G9WfeuDN0S3Hg1P5K7hklgRw6WA269wRJTBDvDVSZAZAYyMk4C292ZBDeYJ6uDFPpHN8xrk0m37Cgo9Fnn2IAhvFTAdQSqZAOn2ZBCZB8s2uwI4xBShDMi4T5uvtcZD',NULL,NULL,NULL,'1962517777115121',0,0,0,'2018-04-17 13:59:55','2018-04-17 14:03:07',NULL),(160,'Judith','Van Der Schaaf','1991-01-22','judith22ananda@gmail.com','$2y$10$kWNljKyMfIKmn0E2hrdFv.7VZb7I6XFADvQFdDJw/wm3nKQ90G7xy',NULL,NULL,NULL,NULL,NULL,NULL,NULL,NULL,NULL,NULL,NULL,NULL,NULL,NULL,NULL,NULL,NULL,NULL,NULL,NULL,NULL,0,80,1,'2018-04-17 18:52:18','2018-04-17 18:56:19',NULL),(161,'Juan','Campaz','1996-10-06','jsebastian10063@gmail.com','$2y$10$qP/a/I6kvgq1OCqNSn6kteqZ.gIqpLkR6LwriniOBcVglEgdYXv9i',NULL,NULL,'male',NULL,NULL,NULL,NULL,NULL,'Mexico','MX','Cabo San Lucas',NULL,22.8833,-109.9,NULL,NULL,'EAAKZCTFvaMfcBAOXFZCOuYBffZAuGG4obE0LPPximeN2ChBbWCwKJxRnBZBsgU1hH61ChlpVsjBryQxZCZCcpeslGkY1ZB9V3jUNT1bOMCv7FcMlQalPs7lZBZBX7mHA3NGZCwvis9VPtBZC5FpGIWirIiDdPaA6ZCHQZC6VWEjpUtOD6rjyZB21vuZCNeZAmqaeW1HYpMt97jj71rd8HwPsv4LtTHHR3kNeXzZBVWmwZD',NULL,NULL,NULL,'168112607347443',NULL,NULL,NULL,'2018-04-19 16:55:18','2018-04-19 16:55:19',NULL),(162,'Ap','Developent','1994-02-14','apdevboost@gmail.com','$2y$10$KaYjLtHo.zOL6G76yUiOb.vIwG3EFq7Z.hsy6e81QF3LfZgpSUbXq',NULL,NULL,'male',NULL,NULL,NULL,NULL,NULL,'','','',NULL,0,0,NULL,NULL,'EAAKZCTFvaMfcBAOS4TyXrqK0TZB7gxm6ho9OAE39juxUjFO4d5w2yqC5mlL8Mc3eE08AIIgVBAITdveqWJsGlXovU7FZCBHrYFuJCaT35qMLeLikwLGutvohuVNdW1lP1PyBa1WgjJjtZBwP6T2mSQr86p9ADE2KI2U1nweA0bP00cw945HIUDZAGZBkQg9ONcNAZBHE4pMVp2VrVqqDho4p2DAStZBvZAZBgZD',NULL,NULL,NULL,'158701864913137',0,0,0,'2018-04-20 10:46:53','2018-06-14 03:38:05',NULL),(163,'Kannan','Karthik','2002-09-05','kannansf49@gmail.com','$2y$10$BX5/DXuhr4vrzO7RpT5zR.x512IPs8L2l9nw937Ggf4LrjfXZLJvy',NULL,NULL,NULL,NULL,NULL,NULL,NULL,NULL,NULL,NULL,NULL,NULL,NULL,NULL,NULL,NULL,NULL,NULL,NULL,NULL,NULL,0,0,0,'2018-04-20 18:52:41','2018-04-20 18:53:26',NULL),(164,'Ethan','Roberts','1999-03-17','ethanroberts528@gmail.com','$2y$10$Dpits2pLcejFNMtBVfV0RukPXf9bwoSN10.p5msYd/H94gZ4/w/Eq',NULL,NULL,NULL,NULL,NULL,NULL,NULL,NULL,'United States','US','New Orleans',NULL,NULL,NULL,NULL,NULL,NULL,NULL,NULL,NULL,NULL,0,0,0,'2018-04-21 23:19:56','2018-04-21 23:21:31',NULL),(165,'Jesper','Purola','1984-09-02','jmpurola@gmail.com','$2y$10$mPO3CyG8mjVcOo15lCkXlOpk9PNMowFMd3plbzsjv4Jni2aigGtGK',NULL,NULL,NULL,NULL,NULL,NULL,NULL,NULL,NULL,NULL,NULL,NULL,NULL,NULL,NULL,NULL,NULL,NULL,NULL,NULL,NULL,NULL,NULL,NULL,'2018-04-26 20:09:21','2018-04-26 20:09:21',NULL),(166,'Mansa','Sathoade','2001-10-12','manasak4937@gmail.com','$2y$10$maNDAt06kBztCnpByH4yL.DUbYz7LbX134hahg8ZKTj.4CA8UJGPO',NULL,NULL,NULL,NULL,NULL,NULL,NULL,NULL,NULL,NULL,NULL,NULL,NULL,NULL,NULL,NULL,NULL,NULL,NULL,NULL,NULL,NULL,NULL,NULL,'2018-04-27 09:39:46','2018-04-27 09:39:46',NULL),(167,'Ridwan','Monnikendam','1994-01-13','ridwan13@live.nl','$2y$10$4.Ut6f0cHTMcpL/1fjR0neG1Qag3yF81Zy90tBxg3C/ZCI0Yp0SFW',NULL,NULL,'male',NULL,NULL,NULL,NULL,NULL,'','','',NULL,0,0,NULL,NULL,'EAAKZCTFvaMfcBAKhf4gQoWLkm3TlcC87SZA98K1TEWBOXjqyJMx601vxjlebbRij1npdelk4MifJAdLwvJObyWGltAtPr9DFm7YVRIcpl22dpzM9iF3agvYTD846KLycy2dmwXADY9Cx9nXHwJ6nSvuGoZCltx1MMh82p3QIaC6f5UZAiKqVmZCWyzSfWMwno4JYjT786DUIT6Y3v2ZCssaPZA1nufhrj69SOErRT3XDAZDZD',NULL,NULL,NULL,'1652221591540232',NULL,NULL,NULL,'2018-04-30 15:56:52','2018-04-30 15:56:53',NULL),(168,'Mario','Tovar','2002-09-11','deleted-168-hypey.kicks@gmail.com','$2y$10$HyKXdh0u3HuGxdMdqaVvaulfiKJldV0fE69yJ3oipXDD/s7Q7WoZ2',NULL,NULL,NULL,NULL,NULL,NULL,NULL,NULL,NULL,NULL,NULL,NULL,NULL,NULL,NULL,NULL,NULL,NULL,NULL,NULL,NULL,NULL,NULL,NULL,'2018-05-01 03:21:42','2018-05-01 03:22:19','2018-05-01 03:22:19'),(169,'Richard','Molina','1992-02-07','ric_arde@hotmail.com','$2y$10$ZKd4TQhEQ/EC3YVUD26WV.4c5s.KRIE/iW8zP0Li4uW4N8tO/xiGi',NULL,NULL,'male','6-8 pm','Keep running no matter what...',NULL,NULL,NULL,'Mexico','MX','Cabo San Lucas',119,22.8833,-109.9,NULL,NULL,'EAAKZCTFvaMfcBAIOEWVNx3lZBZBcwFOM9xK7q7nBgrUbLDAZBugTv5DKxcpVCgvJiYzZAJjHEJfCykZABX1jRZATCsWcjFzKZAyBoMVGuKJHCVxPqzDZAoxZCgJp8ZBLEgHFGXDiWnIBpj2eLWEzpIcN0cUniWju6C0uzhZBrdEbYSNPKPnHz9gjwpa1qkGlUwnVUr4m7OGswDaPEzrRdZCfPcHDbVbYDIcuae90ZD',NULL,NULL,NULL,'10213447463955897',0,0,0,'2018-05-01 15:40:50','2018-05-09 00:24:51',NULL),(170,'Redouan','Bouchla','1997-12-03','Redouanbouchla@gmail.com','$2y$10$t7E/oVPFZ8henCPtQiwsmuvW/Uzj73bBSjHW5VIgpK.jlaCnlpsAS',NULL,NULL,'male',NULL,NULL,NULL,NULL,NULL,NULL,NULL,NULL,NULL,NULL,NULL,NULL,NULL,NULL,NULL,NULL,NULL,NULL,0,0,1,'2018-05-01 16:46:47','2018-05-02 10:02:54',NULL),(171,'Anne','Kuppens','1987-12-18','urkel_anne@hotmail.com','$2y$10$xh9FvgWI5EsUiTev9Dk4guORbrpYw0Ydygg5k9qwpojimhMKEYSm6',NULL,NULL,'female',NULL,NULL,NULL,NULL,NULL,'Netherlands','NL','Utrecht',NULL,52.0874,5.1068,NULL,NULL,'EAAKZCTFvaMfcBAH1iGuat7mtcJRPhmZBgvSL1QbylbKtmPT44VH1bKVruPIuKzQGiIGBFxnDdg4DFDi69JG2iBcZAlCyXPYFpN7aqQa9KRmWJzHTIfCKY7ZAudwAmdKmrnr9dzlOzZCuOhmG8kY6uxBj7GUjjvGdcuus9D7ALjIGA5uVRPZAEIpNRwIqzbKi25Uit8IZBGwf8t9BRftpZAR5ktZCgRnjgu4QZD',NULL,NULL,NULL,'1730570317028955',0,0,0,'2018-05-03 11:01:17','2018-05-03 11:02:32',NULL),(172,'Mike','Goedhart','1998-04-16','mikegoedhart98@gmail.com','$2y$10$J7xf6cJhxavk/oZvt0xbE.RMaQ74ufTrEuoxZJ8gt.fVcNp7R373u',NULL,NULL,NULL,NULL,NULL,NULL,NULL,NULL,'Netherlands','NL','Amsterdam',NULL,NULL,NULL,NULL,NULL,NULL,NULL,NULL,NULL,NULL,0,0,1,'2018-05-03 12:32:20','2018-05-20 09:45:28',NULL),(173,'Ilias','Zagmouti','1999-04-01','i.as7@hotmail.com','$2y$10$qne2cHePXBg1eyDN6fhPqeDPShF.7aJtQrxpFd2G4nGFTginhv4Ry',NULL,NULL,NULL,NULL,NULL,NULL,NULL,NULL,'Netherlands','NL','Amsterdam',NULL,NULL,NULL,NULL,NULL,NULL,NULL,NULL,NULL,NULL,0,0,0,'2018-05-03 16:34:56','2018-05-03 16:48:00',NULL),(174,'Fayette','Dijck','1994-01-14','fayettevdijck@gmail.com','$2y$10$kTvyiBOaqdIkrmHpErLsaOzMox6jWejjhR4hgjKbkydz/j6Y3FvBG',NULL,NULL,'female',NULL,NULL,NULL,NULL,NULL,'Netherlands','NL','Amsterdam',NULL,52.3777,4.9001,NULL,NULL,'EAAKZCTFvaMfcBAIKejTZCPtFlR7I2f1QEn7YarRv9wvFa32LA4ggJJ9KOZCd4rbeFc42AupUnk0RIyWdqQQADBeZAZAGB03Ne8L0oGfvui83eXGa9ttTjBgjPuKcsZByitu71uPk0rByIjeWVB6HqVeD8vv7anVzrLnZBTXmnMMRT2tDUVaeNGsilGpd6fEeQUH9jkBqDfZCnQMaOONIAYAqdZBZCZCTOs5nZByz1nbGxlIiqgZDZD',NULL,NULL,NULL,'1927485870596168',0,0,0,'2018-05-07 15:35:12','2018-05-07 15:45:06',NULL),(175,'Dulce','Guzman','1983-05-20','dguzman1821@icloud.com','$2y$10$TznFC5bzNqb2VoW6YTh4Xe6RPJ3BvyDgcvNpsCovmSGqDzghu9htW',NULL,NULL,NULL,NULL,NULL,NULL,NULL,NULL,NULL,NULL,NULL,NULL,NULL,NULL,NULL,NULL,NULL,NULL,NULL,NULL,NULL,0,0,1,'2018-05-07 21:27:21','2018-05-07 21:38:46',NULL),(176,'Jesse','Piaścik','1973-08-28','jesse@piascik.net','$2y$10$lbiIotF2pvzqdncdq9nquefrUmubQphMjAU7RcneaqqW5EX3a6PC.',NULL,NULL,'male',NULL,NULL,NULL,NULL,NULL,'United States','US','Louisville',NULL,39.976,-105.144,NULL,NULL,'EAAKZCTFvaMfcBAIBZAiZCMrHsJbbORw3Rxa4dIV6ZAkMCKabzC2ZApqXp0M2n3hP2VzzcwzyyWs6N2QIiNJ0TXIBEdNnZBwFkmjJy9flwryRDME9sAg1yhleKD4ZCt4hlF4TFWk9SZBkrQpZCpZBGaZAaNEz6IB6rXtUHvUgxjesxXBa971gWdAfohrt1SL21v1hHaMTZCy380cWSA2RLpOAvtxBnf4d1Vne4i0ZD',NULL,NULL,NULL,'10215890146594948',0,0,0,'2018-05-07 23:25:36','2018-05-07 23:26:28',NULL),(177,'Monika','Swarnkar','1987-07-29','monikaswarnkar29@gmail.com','$2y$10$v8GR15lTB42mce.fNvJUpeF7u.xx8iVdR134ZIz/XVt6yUnzBWWQm',NULL,NULL,'female',NULL,NULL,NULL,NULL,NULL,'United States','US','Ewing',NULL,40.26,-74.7888,NULL,NULL,'EAAKZCTFvaMfcBADcaYX4msrhzNGra8DU3Dnx6NpRIzmhmMK8HSgGT8IuY54eByX5GDbRDvRsQiaGryRUAH6aykmQVHERNs4mZAxfVMKD3mKcJQFzzaafyjGvehaMewMraNjAJ1rcldFJaEmo3JvsGbClGWcZAgjYZAKxUQ08f4As2yQJ6MWaVHir5sNyRBBMMHI6RK0KZAZBTLbXx8N75zcuKJYvog8DJRCbGRuV6yOwZDZD',NULL,NULL,NULL,'2140032536254205',0,0,0,'2018-05-09 02:58:37','2018-05-09 03:01:34',NULL),(178,'Mark','Schaaf','1993-06-30','markvdschaaf@msn.com','$2y$10$zVSZiW/n6tD7hBXcYa.W/.kV8eMCFWBfVgMwCThJsuUSKFwtZE3Te',NULL,NULL,'male',NULL,NULL,NULL,NULL,NULL,'Netherlands','NL','Amersfoort',NULL,52.155231,5.388213,NULL,NULL,'EAAKZCTFvaMfcBAPqhFF7nR2XOEeQKHyT2s2mCHLgKGroHZA8GdT2xWLZBFCidsDMVVaYGyac56y92BkzDDuieUYY9cYQVydt7y7gR2YKuOdreymMbtGZAsljOUTYdZAgK6o2ZA3uj9v7yfopr85U8KGyq2lIjgKCE8fDLgYODdPc83cM0yFAiLzYKgxRnOK1aTY9ZBcyDA4CrmaDUBdKNxAMvfWRwyxrekZD',NULL,NULL,NULL,'10211206406068319',NULL,NULL,NULL,'2018-05-09 16:24:00','2018-05-09 16:24:01',NULL),(179,'Dylan','Mclean','2001-08-09','shufflegaminglol@gmail.com','$2y$10$BUUt.DoY.ueAXe2no8cqyOHkxDbAAOoWxoX/EBg4E6bpZAhSwBary',NULL,NULL,NULL,NULL,NULL,NULL,NULL,NULL,'Netherlands','NL','Amsterdam',NULL,NULL,NULL,NULL,NULL,NULL,NULL,NULL,NULL,NULL,0,0,0,'2018-05-09 17:18:49','2018-05-09 17:20:14',NULL),(180,'Denny','Fokke','1992-09-23','Dennyfokke@hotmail.nl','$2y$10$lZsz6kMCth3zJ4ELfQziGOyZyAVl17XL6G6rbd.6UHAO0gGAM1zHq',NULL,NULL,NULL,NULL,NULL,NULL,NULL,NULL,'Netherlands','NL','Amsterdam',NULL,NULL,NULL,NULL,NULL,NULL,NULL,NULL,NULL,NULL,0,0,0,'2018-05-09 19:04:35','2018-05-09 19:08:13',NULL),(181,'Obed','Sanriago','1997-11-11','deleted-181-Oheksantiago@gmail.com','$2y$10$UrstJKFrzucAYhOnH36WT.rNkE5h2FXdqicANAm55AkRsOH8B.DC2',NULL,NULL,'male',NULL,NULL,NULL,NULL,NULL,NULL,NULL,NULL,NULL,NULL,NULL,NULL,NULL,NULL,NULL,NULL,NULL,NULL,0,0,0,'2018-05-14 19:01:38','2018-05-14 19:05:08','2018-05-14 19:05:08'),(182,'Max','Jansen','1992-09-22','maxlouisjansen@gmail.com','$2y$10$065/XaNj3YwDKy1/ObooLuvN1oJDxaV8ok3fxbBd5TeRrtFumEoAu',NULL,NULL,NULL,NULL,NULL,NULL,NULL,NULL,'Netherlands','NL','Amsterdam',NULL,NULL,NULL,NULL,NULL,NULL,NULL,NULL,NULL,NULL,0,0,1,'2018-05-15 15:48:56','2018-05-15 15:53:16',NULL),(183,'Lorenzo','Tien','1994-09-08','lorenzo_gangster@hotmail.com','$2y$10$lWc00geXqO7.PHitSfMgzuh9YgfR65oSbNiSYk0OA4J3eQL0aZmUW',NULL,NULL,'male',NULL,NULL,NULL,NULL,NULL,'Netherlands','NL','Noordwijk-Binnen',NULL,52.235600757513,4.4463596807495,NULL,NULL,'EAAKZCTFvaMfcBAPzpw8kkThtf8jGZAxZA4KA5dJ16q4I38CFZC2IvDwCzz3PjticAFzRk5Wle491zuxnUIDf2VZCZB17gMHzsTGHvZA6ZBjF5K4pfUhVIU5yj4D4LELMAj5WCUilx9xh52a5BI1FQZAn1eLzv2hKEjOIwQyE8ZBfrK6hphyNNSZBO8uzbTHb8zU3es02CZCWdpJWk8q7pBhzbdneLGirCIKlsBYZD',NULL,NULL,NULL,'10213958781217884',0,0,0,'2018-05-15 16:33:38','2018-05-15 16:59:34',NULL),(184,'Chuck','Kra','1991-03-19','royalbandit123@yahoo.com','$2y$10$Kqyz2TsIExMs8bYa7ZMgqe.fw6JSxR8cuKeH1FN.4giDYI2cU/9hG',NULL,NULL,'male',NULL,NULL,NULL,NULL,NULL,'Bhutan','BT','Thimphu',NULL,27.4757,89.6358,NULL,NULL,'EAAKZCTFvaMfcBAPSLnKYVxSlkpNg0qZCs8PmEAU86ZCEewZBjRUfCz9vXgeazCO1ltV2YEM2i2bwiKVBis9ZCIR40NDPnXnhNRkTlM2U13WUaThufZA6GvZCsbhALdCbVqiqNjMK3iIfDSZC1FttbZA5RgZBurmZBwCjGy7OlZBvdd50JpJsJmMXG3rBsIXZAreQvNLm8hZAXf6ZCXz95IhL1S65YiHyTxcASUVNRgZD',NULL,NULL,NULL,'2021814564510171',NULL,NULL,NULL,'2018-05-16 03:43:37','2018-05-16 03:43:38',NULL),(185,'Francisco','Lopez','2004-04-18','Mrjimmylopez@gmail.com','$2y$10$Ze9cFp9akfth0qdrJJrDTOjNpZMQ73xxGf59Dr1858aS3MyVmVva.',NULL,NULL,NULL,NULL,NULL,NULL,NULL,NULL,NULL,NULL,NULL,NULL,NULL,NULL,NULL,NULL,NULL,NULL,NULL,NULL,NULL,NULL,NULL,NULL,'2018-05-19 23:55:25','2018-05-19 23:55:25',NULL),(186,'El','Yaniss','1993-07-10','chezamrani@gmail.com','$2y$10$Vcowk.Wwo2Om2/76raeNQ.QYXs./vPo16LfYWIUsE5Dp2d9Bjo.GC',NULL,NULL,'male',NULL,NULL,NULL,NULL,NULL,'Netherlands','NL','Amsterdam',NULL,52.3777,4.9001,NULL,NULL,'EAAKZCTFvaMfcBAIcm7csgGE35YcwgEZAkuo0UvzdKlZAxvhQogvJ2X8Rov7UlS1EWHKII8fMMf3D2O8KSHm5y70SZC4kVcW7s5CckZCZBaeZCXg6JrrlOnmUaiBYoVjwaIIlO1aMkplKiDhc9BHVg41u4nlDYtu2MG1J2EDm91HHeZCHDemmDQtYKlCnArfI43dLW3Lhmt5dBxUE3Ybl7rqAAqKeqo5MW3EZD',NULL,NULL,NULL,'1855576538075475',NULL,NULL,NULL,'2018-05-21 01:25:54','2018-05-21 01:25:55',NULL),(187,'Vicky','Bory','1991-04-08','bory163@gmail.com','$2y$10$0DesC1N4X1NM6Cep06tHGeMjb4vybnMYMjpLheAScVbdzdAC.dyEe',NULL,NULL,'female',NULL,NULL,NULL,NULL,NULL,'Mexico','MX','San José del Cabo',NULL,23.05,-109.683,NULL,NULL,'EAAKZCTFvaMfcBAEPxisxrFnlKheTls64DOoQMex3YsP4tc1djQTaJSV3qf7JpkNbqhekZCVC6K6y5mdQPSJ8AvEBKw1ZB3CpxtYNo5hFZBM0Y8i3MowaWA1eyRZBG1ywZAP2JB3IsJpt5YCuvKBS4ZA1ZAOIqM2XyZBfjEOTLwwZAumhm0977k02yWHEX15fA1u1zFPSwIJDmZAZAyzytKVnQUOk3cZCtXNG755wZD',NULL,NULL,NULL,'10216115658830208',0,0,0,'2018-05-22 23:20:12','2018-05-23 05:05:16',NULL),(188,'Diego','Acosta','1996-12-30','diego_solo_facebook@hotmail.com','$2y$10$.gWGdGTmPnfMcVmDlqw3..2doCQoouSsFaXsU71/o6zjDu6rYm2yK',NULL,NULL,'male',NULL,NULL,NULL,NULL,NULL,'Mexico','MX','San José del Cabo',NULL,0,0,NULL,NULL,'EAAKZCTFvaMfcBAKaTLqL9zj2RPBB01qEBVDNBjZBeJ8VCoimNo3MXFeRZCtCSRVDEJOPkWZC0JOA2znmZA7ianNMfvy4Mdke6q4T8TpYwPLY9xRvraN7BiyucbTAZAKwfF4VZCDmkCWRhPNh6Djgi7ZCPpCVmivD3DHamUPAVuZCkENoxwwlKDORH7ZCTXrq4h10HSZCYa3lPunbGkLPolCOJZBs',NULL,NULL,NULL,'2024026290941030',0,0,0,'2018-05-22 23:24:05','2018-05-22 23:26:42',NULL),(189,'Jenna','Rutanen','1987-01-04','jennarutanen@hotmail.com','$2y$10$Qz4t7dQa5mytm2KJiY/EperyrIMLQ7XPaMPamzE68UFPYIvCPv3oa',NULL,NULL,'female',NULL,NULL,NULL,NULL,NULL,'Netherlands','NL','Amstelveen',NULL,52.3,4.86667,NULL,NULL,'EAAKZCTFvaMfcBAMZAjPXbfFPazEsiYBj5qg4UglvDBOw4vNUXAC9zdCQOLZBPoRke6OVfCBg6laN0NdTIcEli95r9ZB1h220LGkS4NbdVbfl9lI4Nqk30EE9KrzOPSoUylCAIYIzQl6vIoUyGu80zmAZBMzYe1tZBAlRVZCB0kt8GnbQZAO06U83pFyZCjUizxKGo5hmspbwz9oOdTCX829CM',NULL,NULL,NULL,'10156160699605135',0,0,1,'2018-05-23 19:22:44','2018-06-11 21:07:24',NULL),(190,'Michael','Stewart','1998-08-05','Mkstew10@gmail.com','$2y$10$xSIakS0mcvcv9y5EHjSRUuGHZgVmFGY9xJGBKZYENNzR3GGVQxeaG',NULL,NULL,NULL,NULL,NULL,NULL,NULL,NULL,NULL,NULL,NULL,NULL,NULL,NULL,NULL,NULL,NULL,NULL,NULL,NULL,NULL,0,0,0,'2018-05-25 17:25:00','2018-05-25 17:26:08',NULL),(191,'Hans','Dekker','1988-05-21','hansdekk@gmail.com','$2y$10$WKh0LmI94p6vAnM.VDWlXeV6xi6tkyF06GcSbBP/PTUhaZSEV2n/C',NULL,NULL,'male',NULL,NULL,NULL,NULL,NULL,'Netherlands','NL','Groningen',NULL,53.2171,6.5669,NULL,NULL,'EAAKZCTFvaMfcBAIykiuPpg2ktR2e7rmZAFXbw6u5obiZBjbTBKdUECJ4u7wtK3RavN2LWmSP0LHkjqwxRS7V7fofhaU1iv5pfwxqpBGzZCl5L79OtQa3XvjO4UFk8537fpq95a54Jh6jz4rt2zwsIveHyHtT6A2vKsA7ZBpxkgbjNZCuzsdQeGhQkZANPNPpuvjsWLq8wnXqOTZAnucjmqjFoZC66O5UN8c8ZD',NULL,NULL,NULL,'10156420336687495',NULL,NULL,NULL,'2018-05-27 09:53:27','2018-05-27 09:53:28',NULL),(192,'Rafael','Grande','1964-09-08','rafagde@icloud.com','$2y$10$55wPzFENclwk36ciw/C4p.D32Uf3j.JPJsgXCYZtBebc5EHsOytK.',NULL,NULL,NULL,NULL,NULL,NULL,NULL,NULL,NULL,NULL,NULL,NULL,NULL,NULL,NULL,NULL,NULL,NULL,NULL,NULL,NULL,NULL,NULL,NULL,'2018-05-29 16:52:22','2018-05-29 16:52:22',NULL),(193,'Will','Stimpson','1996-04-30','Gmgmgmgm@yahoo.com','$2y$10$yWvjPK3XAwvV/rCsuTpubOgZo5RE/ttbuuAkBe5kiAmt7w08U1/2C',NULL,NULL,NULL,NULL,NULL,NULL,NULL,NULL,NULL,NULL,NULL,NULL,NULL,NULL,NULL,NULL,NULL,NULL,NULL,NULL,NULL,NULL,NULL,NULL,'2018-05-30 07:12:47','2018-05-30 07:12:47',NULL),(194,'Brian','Tucker','1962-09-27','briantucker7@outlook.com','$2y$10$lmwW322sSWsrtIIJfrKdxO9OUA23ZSrcktkfnwDmC6GlMvO/rZl7m',NULL,NULL,NULL,NULL,NULL,NULL,NULL,NULL,NULL,NULL,NULL,NULL,NULL,NULL,NULL,NULL,NULL,NULL,NULL,NULL,NULL,NULL,NULL,NULL,'2018-05-30 21:16:13','2018-05-30 21:16:13',NULL),(195,'Luna','Ju','1984-12-02','judith_rodriguez_luna@hotmail.com','$2y$10$Lnl1ovXGgfZGrk/ZPthXpew5cAqilCBFfhtK5u2xo0GrwIHV3LHGy',NULL,NULL,'female',NULL,NULL,NULL,NULL,NULL,'Nepal','NP','Pokhara',NULL,28.2096,83.9855,NULL,NULL,'EAAKZCTFvaMfcBAByYXDeqzKjqAcchG3LFRjFHR7SYbZBWxP60MFbx7UZBiqzL43wTUU8SBETpXsvbJq7RBU4MN1U4h5upZBQ0fYiCsxL4EVr5SyA1w7ZAUxZAzIdhNafzMQEMBEZBBMyUF1QK1gAq9BCHaYCD4ifVAy9NBIkgsI3JxY3A3Jd2wN8NdFPD8zy23ZAZBNLwHKQbPSeqnMnqp4uAPqDibFF6AEEZD',NULL,NULL,NULL,'10216421896521125',NULL,NULL,NULL,'2018-06-02 03:58:27','2018-06-02 03:58:28',NULL),(196,'Michael','Medina','1980-09-02','Medinam2004@yahoo.com','$2y$10$C7qR8YSUkStz3mkPdacbb.GPHnQvezvApPuHvlzIQAZ22UKftEGfm',NULL,NULL,NULL,NULL,NULL,NULL,NULL,NULL,NULL,NULL,NULL,NULL,NULL,NULL,NULL,NULL,NULL,NULL,NULL,NULL,NULL,NULL,NULL,NULL,'2018-06-03 17:47:08','2018-06-03 17:47:08',NULL),(197,'Mukul','Sachdeva','2002-12-23','mukulsachdevasspfly@gmail.com','$2y$10$s2o/EUT3Jh33/a0xdLKbnuKhLyxRM3xUUX15PW.nDizS73n6spUhS',NULL,NULL,NULL,NULL,NULL,NULL,NULL,NULL,NULL,NULL,NULL,NULL,NULL,NULL,NULL,NULL,NULL,NULL,NULL,NULL,NULL,NULL,NULL,NULL,'2018-06-08 10:18:44','2018-06-08 10:18:44',NULL),(198,'Danny (spoly)','Castillo (spoly)','1986-03-24','danny@moduvated.com','$2y$10$FJWPySyspUyMtUu/oZnaOeRN0XXXR6L.I0oi93DdpCGui/SBRaJm6',NULL,NULL,NULL,NULL,NULL,NULL,NULL,NULL,'Mexico','MX','Los Cabos',NULL,NULL,NULL,NULL,NULL,NULL,NULL,NULL,NULL,NULL,0,0,0,'2018-06-08 18:01:43','2018-06-08 18:17:37',NULL),(199,'Panudet','Tammawongsa','1997-01-04','mastergrean@gmail.com','$2y$10$Vs652p0/UAYdUWwzq51kROKQhBziD7r1m1QAhY7dAu0vkuAcfNjNa',NULL,NULL,'male','Mon','Jjbhb',NULL,NULL,NULL,'Thailand','TH','Krung Thep Maha Nakhon',NULL,0,0,NULL,NULL,'EAAKZCTFvaMfcBAIDiHgSKZCgvdb0OxsOcSrrednQtnZC38Wk1M6C0h7PNNZAPtKWRrKJjEeWcAe6B0t9tIycH9avvZCZADZBuPNxYJZAvWRtmklv3ZAjTVcZBQJA54g8SLj4m9CQZAYd3FgY1F1A7nD8toHjBpRdl25bf6cfsK1X0d2RPEePgo3FMjCNGPW99pDDWvuuiKWaZAf1HJOm53xWtvYHRz3SvY0QjNYZD',NULL,NULL,NULL,'1731847183565094',0,1.0681762695312,1,'2018-06-11 04:23:29','2018-06-14 03:39:27',NULL),(200,'Panudet','Tammawongsa','1997-01-04','panudetjt@gmail.com','$2y$10$3zTRVqQ4EFUeLbcAdTd3C.nHhlBIHNjrxyrzYIceNUb4O1Vmhokl6',NULL,NULL,NULL,'mon','asd',NULL,NULL,NULL,'Thailand','TH','Krung Thep Maha Nakhon',NULL,NULL,NULL,NULL,NULL,NULL,NULL,NULL,NULL,NULL,0,0,0,'2018-06-11 05:45:41','2018-06-14 03:48:39',NULL),(201,'Aaa','Pppp','1999-01-15','Amnuaychai.poosri@codrmate.com','$2y$10$uvpYFZ3oITbZecD2WnNwWO3RCWuaK2k5YnMRi.WFtAF6so6DiwpGi',NULL,NULL,NULL,NULL,NULL,NULL,NULL,NULL,NULL,NULL,NULL,NULL,NULL,NULL,NULL,NULL,NULL,NULL,NULL,NULL,NULL,NULL,NULL,NULL,'2018-06-14 03:37:12','2018-06-14 03:37:12',NULL),(202,'Danny','Castillo','1986-03-24','dalcava1986@gmail.com','$2y$10$2qRAMitiu0l0mYc8K94sguTUAlPLVxTPHqbfaic9iT5HxOaUeQETS',NULL,NULL,'male',NULL,NULL,NULL,NULL,NULL,'Netherlands','NL','Utrecht',NULL,52.0874,5.1068,NULL,NULL,'EAAKZCTFvaMfcBADBG2osZADB9M2yLOLBYnkMVis6NA7n9M87TCneCDdQpjGkdIVYvPRShOjK1GXgstEf7DzJOdOBf55EDYccYdWDAx21b20DVKBSiNWw7ailJGw2jaeA48mRInPacVr6MhCu5V9Sk1VuSIZBnVLVPcCGzYbCU0ZA0ZBugbo84D9M0UqQnAfIqbx0zMk3PhHdmZCbZBZCLuoy',NULL,NULL,NULL,'10216801851904381',NULL,NULL,NULL,'2018-06-15 19:12:11','2018-06-15 19:12:13',NULL),(203,'Tan','Jie','1993-08-21','yujie567@gmail.com','$2y$10$njNm2rCXorwZPTAxaoNEYu85SzZS2i616Io/qqGuZN9GsYTbYfG.y',NULL,NULL,'male',NULL,NULL,NULL,NULL,NULL,'Singapore','SG','Bukit Batok',NULL,1.35167,103.763,NULL,NULL,'EAAKZCTFvaMfcBAJSZAbaX1qEpbEvx4xPtffPCbhzWGjWYTTDwoYDUpgBwBIkzt3ZC5elovyiz7WDjMhww1lHDOaYZBOq6OBk87DiUcsXRdYuCxGtMfxLmoooWvfLhOZCIAEuqTjufXHYyCgcl90cRddzMTgwnZBSet2EQDIKVT3XzusaPYOI2PUlw9KOpE637IAuA898G3OyJXZBTtYtMFn',NULL,NULL,NULL,'10156437628123633',NULL,NULL,NULL,'2018-06-16 03:33:04','2018-06-16 03:33:05',NULL),(204,'Helen','Bighetti','1983-09-13','helenbighetti@hotmail.com','$2y$10$0s.o1Ytt.6DZZo9pfEY4X.MNgZnZcmO4jjjipY3i4zMD9dUNwdDJy',NULL,'Princess','female',NULL,'Not Better or worse, just different',NULL,NULL,NULL,'United States','US','Dallas',26,32.7833,-96.8,NULL,NULL,'EAAKZCTFvaMfcBAIdKK98A3Q1ZAVMjHOZAm6HODxf057nhG6krcSg2g3qOYHgfypclYBKTlzzj19tqu2gTFUdR2r6HJruuFhHyhLhaWdLgYhD08rZCqy4RoEZCuBtoVHKOqIGoOMyuT8ximpiZANMEMnunBbWncvaNh9lzRRuz9aZCd7JbGAvGZC6qnmWerJ7w7StUb8Nfzyc5k245CfXwbZA9',NULL,NULL,NULL,'10156376726517302',0,0,1,'2018-06-16 23:49:23','2018-06-18 00:18:15',NULL),(205,'John','Kimutai','1996-08-20','kimutaijohn163@gmail.com','$2y$10$hGBLKfI3iZgv8pYj3SN9uevwkaZVaQ/w0SfOvwWnKj/7d6T1xICe.',NULL,NULL,NULL,NULL,NULL,NULL,NULL,NULL,NULL,NULL,NULL,NULL,NULL,NULL,NULL,NULL,NULL,NULL,NULL,NULL,NULL,NULL,NULL,NULL,'2018-06-17 03:37:51','2018-06-17 03:37:51',NULL),(206,'Omar','Elgohary','1999-11-29','blazerblaster101@yahoo.com','$2y$10$cn2pHj3CP.Bt4aLSbx/8o.wqSPrs2QRxxNiEMwhs5gBOPD7/eH7mK',NULL,NULL,'male',NULL,NULL,NULL,NULL,NULL,'United States','US','Anaheim',NULL,33.8362,-117.89,NULL,NULL,'EAAKZCTFvaMfcBAI3kmf1nQb86pvLSN413kDqRGT3mDeTLZC6KRNJHvFwO3aKNmHvoyZBEzOvpeqts1DTFdJ9bEGvKUfLYFRjk8F06CFUxhwOAjnCNWrBfydjAWgtNPGp5JNffEfQVXatxPGwoTCplBK8K0U09GZCEErC5Ii5Pfs7fZCCmpvuk8bNzblN30T2vkPZApME800DfTWmgOQlH4AOmKOUrL1bMZD',NULL,NULL,NULL,'2025298010855731',0,0,0,'2018-06-19 01:23:53','2018-06-19 01:25:20',NULL),(207,'Owen','Swagel','1995-01-01','jsjsjsk@gmail.com','$2y$10$jkmzMrW8hnLbYv2Bc3iVAu4GKRc9/XyQJTW4hKZRy8eIZDLKrReBG',NULL,NULL,NULL,NULL,NULL,NULL,NULL,NULL,NULL,NULL,NULL,NULL,NULL,NULL,NULL,NULL,NULL,NULL,NULL,NULL,NULL,0,0,0,'2018-06-21 18:45:18','2018-06-21 18:46:11',NULL),(208,'Ghazal','','1982-04-28','zghazal@hotmail.com','$2y$10$sfHiX5Nz8QyV5b67s2Uwhuw/xYWcnWUAGCD.IBqGQcjlNU3d6I3kG',NULL,NULL,'female',NULL,NULL,NULL,NULL,NULL,'','','',NULL,0,0,NULL,NULL,'EAAKZCTFvaMfcBAFiMl6WZASHq8AgtYBy87TXdTITUuQKgSW5a6s5aGtJ5kwiPqdo7PbZAS7H4CuwwQA88k0vidVhlZCIpcuQGqc9kTBshRrWdNZAZCc84QDtdlkdCbEYHnbXD0cNGGZBXntKpsWxsuZAZC5uA5YzUy3tFfgf74opTyGradIBLt8yALIeahkB8CtqK2uEWZCK9xDbSQQQztYX3E',NULL,NULL,NULL,'10156486268673156',0,0,0,'2018-06-21 21:47:43','2018-06-21 21:51:00',NULL),(209,'Ivanho','Martines','1991-01-01','Inizegorodov@gmail.com','$2y$10$26Vobr/S0Zaxg8JjNLVcM.5.lSwKFL7sF0wavvwshNz.Ia5qSJIU.',NULL,NULL,NULL,NULL,NULL,NULL,NULL,NULL,'Russia','RU','Zelenogradskiy',NULL,NULL,NULL,NULL,NULL,NULL,NULL,NULL,NULL,NULL,0,0,0,'2018-06-24 17:21:46','2018-06-24 17:37:16',NULL),(210,'Tim','Garrison','1989-04-30','deleted-210-Tgarrison@gmail.com','$2y$10$5bpYUv8OJP734KOudabgHuv9eLrgsIRIDdYC3VqJ1lpY1y6/HVuUa',NULL,NULL,NULL,NULL,NULL,NULL,NULL,NULL,NULL,NULL,NULL,NULL,NULL,NULL,NULL,NULL,NULL,NULL,NULL,NULL,NULL,NULL,NULL,NULL,'2018-06-24 20:06:01','2018-06-24 20:06:33','2018-06-24 20:06:33'),(211,'Swathi','Botla','1985-09-11','botlaswathi@gmail.com','$2y$10$XASc2tQaP0r3aU/ytvGpP.34.6VBBdz7M7i0G8OglJJYI80/Dj7ju',NULL,NULL,NULL,NULL,NULL,NULL,NULL,NULL,NULL,NULL,NULL,NULL,NULL,NULL,NULL,NULL,NULL,NULL,NULL,NULL,NULL,NULL,NULL,NULL,'2018-06-26 10:21:52','2018-06-26 10:21:52',NULL),(212,'Patricia','Mccracken','2002-07-30','p-mac2002@comcast.net','$2y$10$5CB8gD7LS1xGJf1FbC8BQuZ.dKgoRzxTcp9SYIIN6iceLBgUxrkp.',NULL,NULL,NULL,NULL,NULL,NULL,NULL,NULL,'United States','US','Arvada',NULL,NULL,NULL,NULL,NULL,NULL,NULL,NULL,NULL,NULL,0,0,0,'2018-06-26 22:21:32','2018-06-26 22:24:47',NULL),(213,'Jonas','Machado','1981-03-10','jonas.bjj@hotmail.com','$2y$10$QV87.Hcy.pCe3bvGR7Al4OvfvdkrMOLn2MgfXGKZ5.SHfH24KDJ8C',NULL,NULL,'male',NULL,NULL,NULL,NULL,NULL,'United States','US','North Haven',NULL,40.75,-111.883,NULL,NULL,'EAAKZCTFvaMfcBADXz68ZCOwp64EToiH7PApZAQCmZAlb5vQwEgWk0BpNFn9EhToQ8Rz4gDLmNpmN4fgUFIu5hyNFnE5fAIWRnNE0p5viXmTT9rnOj4jBhqBMbLeYOzqZCwmho3tn5uSQDMd1hixbSfZBhssdCTKER3ObzXQf6Nd1smYWfe9VJ4GoFJVWdJhgx5MhUhsxZBrE0asUfPseVpv',NULL,NULL,NULL,'10155520515335887',0,0,0,'2018-06-27 15:09:14','2018-06-27 15:11:10',NULL),(214,'Mimi','Fc','1983-11-24','miryamziya@hotmail.com','$2y$10$H6.7Q3cfau6RUmBLOVWmHOxoPhdV7wX3REFH7FIfkazu7lW3FuNhS',NULL,NULL,'female',NULL,NULL,NULL,NULL,NULL,'Ireland','IE','Dublin',NULL,53.3478,-6.2597,NULL,NULL,'EAAKZCTFvaMfcBAEM5ZCcBnoFZAux0KrOyYVBgMvZApNf7PTgBNFIOwn7jHEppyYwbYXEuZCgyauOvPCIfMyhwK635QH0MgANUGNnneIg6mTvmYm6ctQ9E7btEFm5wg9ZCCs7bm43tb8Pl3pF4cp8DqayJOxMKaw0UcrAZBkaPk52zoyxAhFryUzNi2inBtBL8ZAh60aRCLy06BYiOiqK76el',NULL,NULL,NULL,'10155332748192651',NULL,NULL,NULL,'2018-06-28 02:22:06','2018-06-28 02:22:07',NULL),(215,'Khalil','Naouai','1998-05-11','khalilnaouai.vv@gmail.com','$2y$10$FTngituhFOStvqwkHrf/2uh8L0ynim78zu8H48T43wT12tITH.LVm',NULL,NULL,NULL,NULL,NULL,NULL,NULL,NULL,'Belgium','BE','Brussels',NULL,NULL,NULL,NULL,NULL,NULL,NULL,NULL,NULL,NULL,0,0,0,'2018-06-28 17:06:23','2018-06-28 17:32:24',NULL),(216,'Tien','Pham','1999-01-27','tienmartinpham2002@gmail.com','$2y$10$eCa.QN4MHsHqa6q9elDNXe8ybBIyL.IBeYVhP.WXhJekoT/r867Oe',NULL,NULL,NULL,NULL,NULL,NULL,NULL,NULL,'United States','US','San Jose',NULL,NULL,NULL,NULL,NULL,NULL,NULL,NULL,NULL,NULL,0,0,0,'2018-06-28 22:27:36','2018-06-28 22:30:03',NULL),(217,'Jesse','Laughlin','1996-08-27','jesselaughlin1996@gmail.com','$2y$10$w9UVHYj7ZO2MyfvxpQarguJMJ0Tepq4YmqcIQkzOf2LDouYPyvuhi',NULL,NULL,'male',NULL,NULL,NULL,NULL,NULL,'United States','US','Steamboat Springs',NULL,40.4764,-106.827,NULL,NULL,'EAAKZCTFvaMfcBAGyI4foXGBfaMdNhvPCHFEOW76qmIx8AkmZAsH3CbRt1rc3MAtIJzQFq8hWvZANk87T7mUZCCWq4jnBfOvNZASmxKjJpCeBx8DW3YkeSA6uUJ364VfiBGKBEDmHUNLGztKcVK7BMDSHCwtNFjNOG2YpeuIyDnsZBnXfHWqf3o1rTmQWNOACwjZBhW4CHNooPEWxjmgBGZAMSPyBJm8H7YGQ975UVExrdwZDZD',NULL,NULL,NULL,'2019736138066281',NULL,NULL,NULL,'2018-06-29 14:38:15','2018-06-29 14:38:16',NULL),(218,'Andrew','Baker','1993-06-02','deleted-218-Adbaker93@outlook.com','$2y$10$W0MrAJNKRpps5YHMFEkQNuMuFALSnkD8iqtBGGS7gm2A5OmVs9zA6',NULL,NULL,NULL,NULL,NULL,NULL,NULL,NULL,'United States','US','Orlando',NULL,NULL,NULL,NULL,NULL,NULL,NULL,NULL,NULL,NULL,0,0,0,'2018-06-29 18:10:23','2018-06-29 18:13:13','2018-06-29 18:13:13'),(219,'Carter','D.','1999-05-12','Cejdeyoung@gmail.com','$2y$10$3ik0dq9gkx1YfUH07M8zcehGt17vLYFdlk4WhckaADrPRFo5KXzky',NULL,NULL,NULL,NULL,NULL,NULL,NULL,NULL,'Canada','CA','Barrington',NULL,NULL,NULL,NULL,NULL,NULL,NULL,NULL,NULL,NULL,0,0,0,'2018-07-01 02:53:54','2018-07-01 03:14:01',NULL),(220,'Tyler','Krausert','1987-08-16','tkrausert@wisc.edu','$2y$10$eTAEKlWWBLYSrjmf96OQZ.kSvMOB9lFOx0FXWgs1q4R5NdcAw2C.C',NULL,NULL,'male',NULL,NULL,NULL,NULL,NULL,'United States','US','New York',NULL,44.174,-88.4685,NULL,NULL,'EAAKZCTFvaMfcBAJJNY309yuUK3eG3UZAlZC0GusmnosK5ADLF546ml2xnqapV75ZCAli3oRokQxbbeYEfzwTcVoHhA5ObNaQKnCPD4X7XRBeatPlqm2ptQ8MaLF9Cwo1PZAZB3ihB8iCEvX0JI5LTgqm15SNoeUYWkriNuoyoaFqvE64BzJjNLjNtF6Jt63EL7M5jmpGNv3ZCQdOyRDn9J2',NULL,NULL,NULL,'10101010841020137',0,0,0,'2018-07-05 11:47:32','2018-07-05 11:49:42',NULL),(221,'Ashu','Ako','1982-12-10','ashu.ako@gmail.com','$2y$10$kYc509edwIHuuJIMHnk85eQMVtLx5nO6CpgIbY9e./7M.78BDn5UO',NULL,NULL,'male',NULL,NULL,NULL,NULL,NULL,'United States','US','Austin',NULL,30.2677,-97.7475,NULL,NULL,'EAAKZCTFvaMfcBACzGhdDtUF1bZBe6QFfxeLPlbgn4ieSlQBoZAbC0q0KZA80mkLwfT3gRxFzzZAdThF0wrqQplXvVXjS9QN62NEVAgZCvLfoZAJlPfap9xB9CbZAJthZCRJukunrcbvajmCyrUj0eysVpDj4nKT4Ceq3kQNZAso2CE3iBG7Ipcaei77V9QXwaKLLJxxtjvvk2q2g4k589TJrEJszB9fO049fcZD',NULL,NULL,NULL,'2061410340776236',NULL,NULL,NULL,'2018-07-08 03:48:50','2018-07-08 03:48:52',NULL);
/*!40000 ALTER TABLE `user` ENABLE KEYS */;
UNLOCK TABLES;

--
-- Table structure for table `user_device`
--

DROP TABLE IF EXISTS `user_device`;
/*!40101 SET @saved_cs_client     = @@character_set_client */;
/*!40101 SET character_set_client = utf8 */;
CREATE TABLE `user_device` (
  `id` int(10) unsigned NOT NULL AUTO_INCREMENT,
  `user_id` int(10) unsigned NOT NULL,
  `device_id` varchar(255) COLLATE utf8_unicode_ci NOT NULL,
  `platform` varchar(255) COLLATE utf8_unicode_ci NOT NULL,
  `os` varchar(255) COLLATE utf8_unicode_ci NOT NULL,
  `created_at` timestamp NOT NULL DEFAULT '0000-00-00 00:00:00',
  `updated_at` timestamp NOT NULL DEFAULT '0000-00-00 00:00:00',
  `deleted_at` timestamp NULL DEFAULT NULL,
  PRIMARY KEY (`id`),
  KEY `user_device_user_id_foreign` (`user_id`),
  CONSTRAINT `user_device_user_id_foreign` FOREIGN KEY (`user_id`) REFERENCES `user` (`id`) ON DELETE CASCADE ON UPDATE CASCADE
) ENGINE=InnoDB AUTO_INCREMENT=495 DEFAULT CHARSET=utf8 COLLATE=utf8_unicode_ci;
/*!40101 SET character_set_client = @saved_cs_client */;

--
-- Dumping data for table `user_device`
--

LOCK TABLES `user_device` WRITE;
/*!40000 ALTER TABLE `user_device` DISABLE KEYS */;
INSERT INTO `user_device` VALUES (435,153,'c855a9b23262cea91a5c502a7516ffe20480f24b232d908adc3f96760a29a1c9','ios','11.2','2018-04-12 07:48:34','2018-04-12 07:48:34',NULL),(436,154,'fpWPdElU0o0:APA91bFdy4DX19fVJc10FggNncE8AGIcwlkZz7qWBxM2fhPhhB5oUd00wXGlnY3oV22ytoQdtfQvnd7JIQKkRPVOWoNfu3IIbxsi4ZOUIoay5X73AUaqSHX0PIMvlpv1CaBGzD2TZRsO','android','7.1','2018-04-13 06:14:05','2018-04-13 06:14:05',NULL),(437,155,'10a97b9c5e0985b0f74921bf97e10991423f58e5f19a3d68936616e6bd9dad4b','ios','10.3','2018-04-13 15:43:43','2018-04-13 15:43:43',NULL),(438,155,'10a97b9c5e0985b0f74921bf97e10991423f58e5f19a3d68936616e6bd9dad4b','ios','10.3','2018-04-13 15:43:43','2018-04-13 15:43:43',NULL),(439,157,'56e225f1336f66fa7338c5969912397e967020437f097cfceefde7de6730d9ab','ios','11.2','2018-04-14 17:36:46','2018-04-14 17:36:46',NULL),(440,158,'f4lJowWRG_E:APA91bF0jg904IskSo_VuCwLDMsjsrGTYz265_NsIC0GSUDUDdbGJsd0X2ONaF_dxxCyI0FVVmuh_lqiFgVzbTSyL6noq5_PUK4TUh2UOROqfz4irFhy88T9XeQlOmsVZcMJZHAHwUnz','android','7','2018-04-15 22:31:30','2018-04-15 22:31:30',NULL),(441,159,'dwYLWpRp1fU:APA91bFjJ4v2w6yNWwNL6qNFAOQ3cubFhTXjGPZXRzmRpOcYD-xQrJZID6t8qFDvZNoruCnJCaWcl0VKVBq5xIrp0oaH_Mi-qtDMl38hcmZNSvRI8eI65RgtdPr5YFdJoJEeUuk178Hr','android','7','2018-04-17 14:00:03','2018-04-17 14:00:03',NULL),(442,161,'fJXfX3ChbYs:APA91bHC6sHhB_lad05SXJkVluIiYPgr8oAXlHH0pn4sA3zNAammyWArXqn3ZSeqrBKwLKUbQJnV3fQOvJEV7zJaEPHml2pjKQ413Q7ssEYwYjgfHGyaDBp_jDhOyIQyXvKzEMjPJEQA','android','5','2018-04-19 16:55:43','2018-04-19 16:55:43',NULL),(445,163,'e5bac023235c9904a21529c33a7a9b926f483263f4a780068fd770e834500b09','ios','10','2018-04-20 18:52:47','2018-04-20 18:52:47',NULL),(446,164,'98699218293f71e8f6e99c74eafceab2434540a9f8867ee7a603f427192f2ce9','ios','11','2018-04-22 13:04:29','2018-04-22 13:04:29',NULL),(447,165,'804ba7b70d6c7d668b63bd9b80f60b687ba4665ac0885a87506b5441d00b8644','ios','11.3','2018-04-26 20:09:25','2018-04-26 20:09:25',NULL),(448,166,'eFbzLNmYO_o:APA91bGa8L7gtWzLnaaOiBLYjwsnCYSegJVy4yAj1DyAlIIw74vBGOZOl6vP0hQW3teCFTwxbY2S8YPD3xzYOYM8416lPczKL6tq5Jx_DiFUWYO3Wlux6XkJyfu4w4KKaJ7eTloYn2AG','android','5','2018-04-27 09:39:55','2018-04-27 09:39:55',NULL),(449,168,'f1a626860c1efadf2878454afda88a240f24bea02a123f8174456cda4009d5e9','ios','11.3','2018-05-01 03:21:46','2018-05-01 03:21:46',NULL),(450,169,'acbee255f3a9cb7a3495cbd6dc7d5e9c1c181912d967b6c7b9ee6eb6dfcdaf35','ios','10.3','2018-05-01 15:40:57','2018-05-01 15:40:57',NULL),(451,170,'fe8Fmwys2xI:APA91bGl0HZ0BTsrYxfvVLEZjd7qIt7CHx737W3Zp1hYAoi0q8GeHGWH6x2fa0xtozo_f9Qq7ngBAELQs6YGOHYCiL4JvFC8pL1MY2lWkM8rdOtY3npybEbyf5zoAAfRNsQr8AsoiUTt','android','7','2018-05-01 16:46:51','2018-05-01 16:46:51',NULL),(452,172,'1651636b2c2937a2d0dabeda7ac9927148606f68dc29aae2ea6c5205b4dbd157','ios','11.3','2018-05-03 12:32:23','2018-05-03 12:32:23',NULL),(453,173,'ac5081aa68c4a2ae96921ceaff9f19ff843d02ff42bc213493f803befafbf313','ios','11.2','2018-05-03 16:35:01','2018-05-03 16:35:01',NULL),(454,174,'3d171b1684a813e4f9719719d5b2417f98146de21c55d2ae1f880d27eeac0439','ios','11.3','2018-05-07 15:35:21','2018-05-07 15:35:21',NULL),(455,175,'bb5d455cd10fa085d374eb75dad76f0e4f2c76103507dea91d90c2373dba3413','ios','11.3','2018-05-07 21:27:26','2018-05-07 21:27:26',NULL),(456,176,'cBKIqqslhKw:APA91bE_yYptihaJETrMn5xd8-itoukQnUkCHZyea9zFiumWAwi_mXE3P-R4BmYMYqEszQZovGJ8MFwMlJ5zUOpf05zqTJ8L5EUsaXVfnMEWqNFMqJRx5JYu2vRFj8BIO4fRPhniiZqG','android','8','2018-05-07 23:25:45','2018-05-07 23:25:45',NULL),(457,178,'fEp4_lJMcRE:APA91bF_l6eyX5JMbbzFf1boDA-efDNN-U1MvvvMX8MTBfwtZb-Trg9RKehqKQ5j3MW6b9WpQ9NdH4dWWPF9g7dm0tplzXcBR6oC5om-I5cK15KpVRh6Eu_z0SWuywpqekc9X_YEJWmy','android','8','2018-05-09 16:24:05','2018-05-09 16:24:05',NULL),(458,179,'cZiIfwCb3J8:APA91bFjPB0Diqc2uukXWhLVZNhPnNnnz3DsAjfdlOFFqL_Ybt-WxUUbCN4x-hsUqDIx9br4f0Nj0PCbKDZi1eQteXjp0bqzYavW8BFKgCXG1GtSOw8V_X1JLLWrNCEFZxcKZrEtuOsi','android','8.1','2018-05-09 17:18:53','2018-05-09 17:18:53',NULL),(459,180,'a0def1360b24ca65a8acc858dded82ff4fe4f9b8cdcf1bfc8b408fcb2c309fd1','ios','11.2','2018-05-09 19:04:55','2018-05-09 19:04:55',NULL),(460,181,'demoJ_0amO0:APA91bFXSB4tsua7I-h0E63poM1v7AUNJrOultAmZPvfDpsckBomk3RCUg0V9B23NrLEntQo_Sc0KKkRI6bkPf9MaNWLrp17ehqDG4J9t-02LHXWm5CFT9GH4Eoz_a-I0FruR_cKFBJx','android','7.1','2018-05-14 19:01:43','2018-05-14 19:01:43',NULL),(461,182,'fLbSWYOqL-Y:APA91bEMwQpuvFnd2Stk6FIvEvT9KK3rHWWQCYET_XaCJJWsFUH-F2qkgt7kbP8yiF6x17-mvv7MZx2fIsJA0YbnTjBghERQ60WOoJYQAibkelYX_8ru0FpM0NfE2GpcDTcuJdwnNkIO','android','7','2018-05-15 15:49:02','2018-05-15 15:49:02',NULL),(462,183,'cazaQwsC4Z4:APA91bHcJ4cXUVzQV93DDdMHL10DM7fRTy2I4g9v4XxCxbOFspHQEiUIms-BI1a0EuS_FHm7mHL4Y-4EH8MXcXC6IKRfySHxApA6ngamAMk9hR24IbJ_OCeAwV8BOmOfLA9d_ncNSfhi','android','8','2018-05-15 16:33:44','2018-05-15 16:33:44',NULL),(463,184,'dwBQYxx6t4g:APA91bGCJ6lgoGI2ajJO-j7GZqmqmNR_3rrRRpopG4EJ32lv0GZ562ByCb-ZNbVPwp3lOeSwHAHQecXD5-lwUhrz38i0jU9rEpOqXucebZSrTME2ljmTDedKpGxF8IjWqZZh54LoxMxt','android','7.1','2018-05-16 03:43:49','2018-05-16 03:43:49',NULL),(464,185,'d0c9d461daad66c139520a0b53c60e13951296ceafb4207bdd0b173d32fedc7b','ios','11.3','2018-05-19 23:55:30','2018-05-19 23:55:30',NULL),(465,186,'fUDtUeb9Ar4:APA91bG1hxTzXf-mAhxv2EIDt0Z-l-QasNfn4DkgLchAkHRGU35rC_axbJ7ECCwPwETsQVEZ-vA7x1tyiyy_6k11ZwRMzdZ8_K4_uBwQ_b7zRMLcs_B6bSeb04l2-yF_4w2jDJ96cGZf','android','5.1','2018-05-21 01:26:07','2018-05-21 01:26:07',NULL),(466,187,'ewptRKnHFLM:APA91bFd_z6w5iN7grKmLXWcPCdb1n0h_ZVM20ATX0q2r6XBi2PBfT9yxye0kI6yW8mYLmYi66DX9LVWFt6mskat21ESBDOh8btFrs1RYENsz918kGcX42EU8RjQeKg8q5s1fy2lVzUH','android','7','2018-05-22 23:20:22','2018-05-22 23:20:22',NULL),(467,188,'3e6b91838fe850afd5b329827a48feaed38bbdd7965c394050d1d9424e162126','ios','11.3','2018-05-22 23:24:15','2018-05-22 23:24:15',NULL),(468,190,'c480b240289b5e8c81bfcce0aa0fe0792adfd6930fd2d6dd0a830931e96141a8','ios','10.3','2018-05-25 17:25:05','2018-05-25 17:25:05',NULL),(469,191,'cEFlnY55ggs:APA91bEEcSawT4cMe6E55MvJhRyNVIHys6HjXvKvxoq2kzFE4oLqj1D7skcCk1oWu_ZAx321yQRuqglcKIemtQgcnBXUuR9i6p1haKSe6SVfX5sUq5GTSc8mXmh5SxQ3IoXO-vGdEi_0','android','7','2018-05-27 09:53:33','2018-05-27 09:53:33',NULL),(470,192,'372f548d8661a0b39188fdcbb8ad9826529074f80954c0fb58544d5a6b035c6d','ios','11.3','2018-05-29 16:52:26','2018-05-29 16:52:26',NULL),(471,194,'eJWNgIXOhUw:APA91bH2Y5A16w2-AqOTBF1Tks7XNvPR2FcLWlKKcH5gNele09DD0P6Rb9qTiFyfaMcZLBtaFRYMwo8PdySvaiL3qcg6wLF_gDzKiqWmYjt2r3laN0k3SaZlzJs7V_c76sWQnqJivUi9','android','7','2018-05-30 21:16:18','2018-05-30 21:16:18',NULL),(472,195,'eSCkGDb-MsA:APA91bGTopjtHcJKwTGjdHIrCI5KSCEgqQj0PUKGuxyUCITlwHsYNGii3pBmBVCgtok52sn7Duw9YK6hhk7MFmhA8TO4mtAVn4HuMoX5rrPmkdUK_RYNQLtM3U7IFiPSZkxTpYDLtMpu','android','7','2018-06-02 03:58:36','2018-06-02 03:58:36',NULL),(473,196,'fUHwwHEdNTU:APA91bG3dHEVKCeJ1IU4VawbvfhD5rgFw0g4SIPCioYpHTI5IEOFdoVGI2D5ZDjcQTCKwwEfOpTF8BdqRFORxYj51YZsSUjw32d0_c0hYKLyhehTFA9W7QX_W8d5SZ7vOHnqAOGKkacP','android','8','2018-06-03 17:47:12','2018-06-03 17:47:12',NULL),(474,197,'dthABcHrn5c:APA91bHrgy5XUgH0Vf6Ef-nFQvyoLsxrZENIXQ_OHy61QuHgILbJM7KUbFPTXo5EkzJUgEYYskk_5VhVjsPlFQOpvS3LBz8KafMyJkMq_fDkxaGgH8YgIINSvTdwEMetUOCIdmAC1Ras','android','6','2018-06-08 10:18:51','2018-06-08 10:18:51',NULL),(476,199,'fB3X6OhB79E:APA91bFbZoRGrqc3zTQqYaeb2cCxC7SfnTLDlZkggMPEifq9J9fZ_Kqbd0Kxzvih4Dvt_yQVtWYiiXGxkTHRp644J-gvjtwxnFh1ieIo0Mfa6E0eOhsxnv9jQJS6zmxJUjkEADhOCaMd','android','7','2018-06-11 04:23:37','2018-06-11 04:23:37',NULL),(477,199,'dM1hgbyayy0:APA91bFin30uXY2Boh__PbTJ9zgOa24Mjp6zwCv3Zu0RSikK6EavpOkrYESRJBFq05_B_IQACIFHSn7M3_ebqomp8jKBaqb8r0fb74u_Zqk1x7L1Vyp1oyAzVIvK56oQH49pG0sowgGK','android','7','2018-06-11 04:48:51','2018-06-11 04:48:51',NULL),(478,199,'fp_8OyCIxSU:APA91bHSMUTsLifJpJftxQaBWRf_V9SM-hnBWO-zEPG0ROdt3LWU5m3CQ6HdiwLOrOh8erI0Q9CpDX4gl4wFtiIByTer2d5W2m7Z3Q5amTFUw_jOqem5BqkJg9wjof9jQjeOXFdWz-LW','android','7','2018-06-14 03:34:49','2018-06-14 03:34:49',NULL),(480,162,'fCSAHPceDB8:APA91bH7sXW333H0HdZV8mm5ALT8Oyzk5V1a5uxYO0W-erJWtN4HiDxEUkqRQN3RAJ0-LRoeMxEGz0NE0dLXq1TrhhEOskOvikg35EzlqinshfLD6WITrJvVWgZ4waGpyx4z4wKMBhOb','android','7','2018-06-14 03:38:05','2018-06-14 03:38:05',NULL),(481,202,'b33479a74abcb954097b96944d9601904adb347dcc1911d09273483d6022b7b3','ios','11.2','2018-06-15 19:12:17','2018-06-15 19:12:17',NULL),(482,204,'62806a7a4e86d988599428a835f4fe31fdac41cb86444e8a1c7adf5062e449bd','ios','11.3','2018-06-16 23:49:34','2018-06-16 23:49:34',NULL),(483,205,'eTN8u7aGgpM:APA91bGUuZuyWXvzaCzYSmBEGCPfGQaR5HkLnBfBx-fr2CE42iFrkGEMeJjrRl2Rcj0RB3jkikPm16gS_vnPnY0N5PRGgtF2v7-57Fesu9KTXKCiUJbl3Xjautydqi0WddexhLwundMC','android','7','2018-06-17 03:38:06','2018-06-17 03:38:06',NULL),(484,206,'33892126c13b09ac459071a7b77991748ef6f36edd2ddb808e012411b77ce7b4','ios','11.4','2018-06-19 01:24:01','2018-06-19 01:24:01',NULL),(485,208,'aa8c622ba30408cf914098f79517fd0f4dec87006944e4ba65ce843a0af4ad61','ios','11.3','2018-06-21 21:47:55','2018-06-21 21:47:55',NULL),(486,209,'dpkON93iDOw:APA91bH2p_Z9g3KgYE0Ef6CCPuHDM4av8Ctscb2qWG4YlwqTqpKmPgZRHPFMWPc-JawA_65o5d1WEVWH-P8Knoq9q-zZ5zRDP9l5L-94QmF67Y1xCmLitrwdKOwJsXWlyp3fEs25FGUjZWl7-5OS-hODF7-IYjkLhw','android','6','2018-06-24 17:21:53','2018-06-24 17:21:53',NULL),(487,209,'dKYGckDp49Q:APA91bGjw0_776G4g69KE03U69VzQMZQ4HJgShHI7TA5g3GfLsMp2B-wY9SVALekEqn1zeZYaM_vsI5uMuuVspHm12ORPenMFaR2pdOsmusSUy4TqhTHdlQne3gFjRGSP7uuWaj8AOmU4mVE-dyCxuDYtdQ6A_axZQ','android','6','2018-06-24 17:32:55','2018-06-24 17:32:55',NULL),(488,211,'dK5UYElG8O8:APA91bGqhUA6U4M3i9vOJ8cQkbELxjAlqt39ARrFlCTrz82br5S5rGmgU278TkaQ-TbSPKNJjikZAjF4dmWZXYu2wgsGk8M3MEhMG41EU7bV-tQ0CDokPBdJnQBQWKtE3RfgivVMSAOkDsJ4cH9snyIPE0jaLqXAnw','android','6','2018-06-26 10:21:59','2018-06-26 10:21:59',NULL),(489,212,'9a90a0228c7a9ae4c46a5c5a24c1f329bab363914c594f73ccbcb3a8bf9bf0c8','ios','11.4','2018-06-26 22:21:37','2018-06-26 22:21:37',NULL),(490,214,'c457935eadb8e14ed9721cba70fee3f9ff606087a39ef36e6fe7e0e2220637cc','ios','11.3','2018-06-28 02:22:17','2018-06-28 02:22:17',NULL),(491,217,'2fc604474758bd2b57679a9d86d2448bc72ef87697c614442cdcf7bf31f8fd03','ios','11.3','2018-06-29 14:38:22','2018-06-29 14:38:22',NULL),(492,219,'2d5ad9cdd6a5809b9562052ee1723cc0e743e55e4278afb1ec5f72afdf4cc303','ios','11','2018-07-01 02:54:09','2018-07-01 02:54:09',NULL),(493,220,'2c8ff296f8207d8c7f243cf1ae27466334c01a12bb3a3506067b855efe189c46','ios','11.4','2018-07-05 11:48:17','2018-07-05 11:48:17',NULL),(494,221,'cbCD2ib4Fww:APA91bGbKRbPauTsFemM16rS3NMnurK6qAMf3hpQ20hwHdZpSCuf-DMUHXC1zHFXfEBHPQI6pQU2aeTkhV1_Xof4lSb0ucp70Aqo6-5YHXNjgEOQxiIZ9QwWBzFkzY9YHFvHmuwggDPXAuJcO_UiIQQeLwwT5vWs2g','android','8.1','2018-07-08 03:48:57','2018-07-08 03:48:57',NULL);
/*!40000 ALTER TABLE `user_device` ENABLE KEYS */;
UNLOCK TABLES;
/*!40103 SET TIME_ZONE=@OLD_TIME_ZONE */;

/*!40101 SET SQL_MODE=@OLD_SQL_MODE */;
/*!40014 SET FOREIGN_KEY_CHECKS=@OLD_FOREIGN_KEY_CHECKS */;
/*!40014 SET UNIQUE_CHECKS=@OLD_UNIQUE_CHECKS */;
/*!40101 SET CHARACTER_SET_CLIENT=@OLD_CHARACTER_SET_CLIENT */;
/*!40101 SET CHARACTER_SET_RESULTS=@OLD_CHARACTER_SET_RESULTS */;
/*!40101 SET COLLATION_CONNECTION=@OLD_COLLATION_CONNECTION */;
/*!40111 SET SQL_NOTES=@OLD_SQL_NOTES */;

-- Dump completed on 2018-07-09  4:51:47
